sample	is_target_pos	seg_idx	chr	start	end	gene	depth	anchor_ratio	copy_ratio	z_score	p_value	neglog10_p	cn_abs
A269010002	FALSE	1	chr17	39700221	39700340	ERBB2	474.691666666667	1.64858114339027	1.1852129483642	-1.96167444205848	0.0498003992405227	1.30276717556838	2.3704258967284
A269010002	FALSE	2	chr17	39706922	39707161	ERBB2	828.0875	0.742862990575276	0.99907579801215	0.063895964388349	0.949053065666075	0.0227095036089155	1.9981515960243
A269010002	FALSE	3	chr17	39708303	39708542	ERBB2	820.558333333333	0.704699713271113	1.00092163407958	-0.183861300050299	0.854122265262382	0.0684799567956529	2.00184326815917
A269010002	FALSE	4	chr17	39709260	39709499	ERBB2	932.158333333333	0.73546299359718	0.963232724167838	1.68255445888809	0.092461374077969	1.03403965675511	1.92646544833568
A269010002	FALSE	5	chr17	39709775	39709894	ERBB2	521.891666666667	1.38653903268558	1.08539577995558	-1.95715208635765	0.0503295901248494	1.29817660640479	2.17079155991116
A269010002	FALSE	6	chr17	39710018	39710257	ERBB2	948.758333333333	0.698550030202916	0.939830092802523	1.77107038183398	0.0765489985385066	1.11606048663842	1.87966018560505
A269010002	FALSE	7	chr17	39710322	39710561	ERBB2	892.541666666667	0.599287596915484	0.999888758178043	0.0115714358912627	0.990767535991443	0.00402823217376698	1.99977751635609
A269010002	FALSE	8	chr17	39711870	39712109	ERBB2	965.941666666667	0.562797097823367	0.933573793264922	1.92994706593551	0.0536133968764311	1.27072667555862	1.86714758652984
A269010002	FALSE	9	chr17	39712304	39712543	ERBB2	776.854166666667	0.856410491923445	1.03697195619279	-1.91350135224769	0.0556839005624388	1.25427035074283	2.07394391238558
A269010002	FALSE	10	chr17	39715278	39715397	ERBB2	752.2	0.859618192173751	0.969707480701869	1.32649368623778	0.184676225093801	0.733589011301357	1.93941496140374
A269010002	FALSE	11	chr17	39715428	39715547	ERBB2	702.216666666667	1.10725836438579	0.990349787825952	1.29245346756716	0.196200150614815	0.707300663565866	1.9806995756519
A269010002	FALSE	12	chr17	39715732	39715971	ERBB2	913	0.724386105026165	0.938373511333193	1.80358513999851	0.0712963673450808	1.1469325975279	1.87674702266639
A269010002	FALSE	13	chr17	39716273	39716606	ERBB2	771.550898203593	0.825878845199956	0.968273453408582	1.59361697108898	0.111021850983998	0.954591536277847	1.93654690681716
A269010002	FALSE	14	chr17	39717252	39717491	ERBB2	832.266666666667	0.726407453413205	0.919320888977634	1.90569484054908	0.0566898090905953	1.24649500554282	1.83864177795527
A269010002	FALSE	15	chr17	39719779	39719898	ERBB2	744.883333333333	0.873448168597134	0.909933826066265	1.82500072197714	0.0680009203896552	1.16748520909607	1.81986765213253
A269010002	FALSE	16	chr17	39723281	39723499	ERBB2	1035.77168949772	0.508756141605756	0.999591473966235	0.042385953594945	0.966191025694209	0.0149370007033433	1.99918294793247
A269010002	FALSE	17	chr17	39723500	39723719	ERBB2	958.559090909091	0.668965887877796	1.0095999242178	-1.44439078250692	0.14862908206776	0.827896204399104	2.0191998484356
A269010002	FALSE	18	chr17	39723904	39724023	ERBB2	723.691666666667	0.902067034877669	1.02416564997751	-1.64997260415673	0.0989485394616298	1.00459061185108	2.04833129995501
A269010002	FALSE	19	chr17	39724678	39724917	ERBB2	816.604166666667	0.799027731714162	0.907886378158777	1.88425401513413	0.0595306243289741	1.22525956274967	1.81577275631755
A269010002	FALSE	20	chr17	39725021	39725260	ERBB2	861.1375	0.763497722171254	0.952754789431244	1.72799330048031	0.0839894255022277	1.07577538935621	1.90550957886249
A269010002	FALSE	21	chr17	39725299	39725418	ERBB2	719.7	0.820575316875859	0.996112933236028	0.49213257926794	0.622625622310661	0.205773011184554	1.99222586647206
A269010002	FALSE	22	chr17	39725669	39725908	ERBB2	778.320833333333	0.7794488332452	0.933520082589632	1.9086916860463	0.0563018763110503	1.2494771316503	1.86704016517926
A269010002	FALSE	23	chr17	39726554	39726673	ERBB2	653.55	1.09433804332834	1.0081726328921	-0.494380511361156	0.621037474874864	0.206882192673156	2.0163452657842
A269010002	FALSE	24	chr17	39726807	39727046	ERBB2	849.1	0.741866341347729	0.972329608219127	1.33833693413572	0.180786627108246	0.742833697687495	1.94465921643825
A269010002	FALSE	25	chr17	39727287	39727547	ERBB2	852.337164750958	0.746644124425456	0.964267874315228	1.50835707589858	0.13146316262951	0.881195924040872	1.92853574863046
A269010002	FALSE	26	chr17	39727548	39727808	ERBB2	1031.10344827586	0.627628809382427	1.06035749139016	-1.94747406749972	0.0514779258072857	1.28837896038067	2.12071498278033
A269010002	FALSE	27	chr17	39727809	39728070	ERBB2	903.324427480916	0.670410160483487	0.992490187099771	1.16330929117254	0.244704037348646	0.611358865205735	1.98498037419954
A269010003	FALSE	1	chr17	39700221	39700340	ERBB2	796.566666666667	1.97476669147041	0.989443323109894	0.133933211660634	0.893455387765378	0.0489271279160635	1.97888664621979
A269010003	FALSE	2	chr17	39706922	39707161	ERBB2	1521.22916666667	0.7370710966404	1.00692652107179	-0.475140827479977	0.634686599776046	0.197440670907336	2.01385304214358
A269010003	FALSE	3	chr17	39708303	39708542	ERBB2	1497.6125	0.705970892559546	0.999119363102131	0.175999477995847	0.860294352544725	0.0653529280428121	1.99823872620426
A269010003	FALSE	4	chr17	39709260	39709499	ERBB2	1780.05	0.686714834394369	1.03161019300248	-1.35067365218004	0.176799995962354	0.752517749241086	2.06322038600497
A269010003	FALSE	5	chr17	39709775	39709894	ERBB2	915.25	1.52517618137121	0.986734275818289	0.334431397187719	0.738054050424248	0.131911832023249	1.97346855163658
A269010003	FALSE	6	chr17	39710018	39710257	ERBB2	1793.21666666667	0.651916152910332	1.00705947656295	-0.193920269265843	0.846238312376736	0.0725073164224178	2.0141189531259
A269010003	FALSE	7	chr17	39710322	39710561	ERBB2	1648.17083333333	0.594140747476522	1.00855047161196	-0.881786160906499	0.377892456851959	0.422631776990808	2.01710094322391
A269010003	FALSE	8	chr17	39711870	39712109	ERBB2	1821.92083333333	0.518070443053462	1.01417216229653	-0.379034750157283	0.704662058910369	0.152019111572772	2.02834432459306
A269010003	FALSE	9	chr17	39712304	39712543	ERBB2	1375.89583333333	0.897732058406392	0.989241338546323	0.583686085692357	0.559431530368812	0.252253059810598	1.97848267709265
A269010003	FALSE	10	chr17	39715278	39715397	ERBB2	1406.70833333333	0.831017931834226	1.00308087174295	-0.13042120550824	0.896233190307807	0.0475789768471829	2.00616174348591
A269010003	FALSE	11	chr17	39715428	39715547	ERBB2	1313.90833333333	1.08727249279609	1.00855405935818	-1.12496690101282	0.260603060339518	0.584020488543766	2.01710811871636
A269010003	FALSE	12	chr17	39715732	39715971	ERBB2	1798.19583333333	0.688045502397851	0.987935726002794	0.335364791747237	0.737349923765399	0.132326360316604	1.97587145200559
A269010003	FALSE	13	chr17	39716273	39716606	ERBB2	1397.33532934132	0.805747012034249	0.992466058943154	0.369203427332517	0.711976101426905	0.147534583880858	1.98493211788631
A269010003	FALSE	14	chr17	39717252	39717491	ERBB2	1547.71666666667	0.655362168707775	1.01898092034906	-0.40449261487823	0.685850507497463	0.163770535669386	2.03796184069813
A269010003	FALSE	15	chr17	39719779	39719898	ERBB2	1467.3	0.785177105237262	1.01223027087882	-0.22277573830172	0.823710051542062	0.0842256343894886	2.02446054175764
A269010003	FALSE	16	chr17	39723281	39723499	ERBB2	1702.61187214612	0.500899537911133	1.01527005514486	-1.55985342973961	0.118794521840604	0.925203586200382	2.03054011028973
A269010003	FALSE	17	chr17	39723500	39723719	ERBB2	1696.89090909091	0.675597559631595	0.999689682233323	0.0471528170729825	0.962391432182626	0.0166482520152302	1.99937936446665
A269010003	FALSE	18	chr17	39723904	39724023	ERBB2	1191.55833333333	0.927203545494932	0.996400494354905	0.252613980952505	0.800566525122536	0.0966025734346429	1.99280098870981
A269010003	FALSE	19	chr17	39724678	39724917	ERBB2	1667.07916666667	0.723310161290636	1.00292576022986	-0.054177259945137	0.956793938005421	0.0191815849224862	2.00585152045972
A269010003	FALSE	20	chr17	39725021	39725260	ERBB2	1650.6	0.727988154033547	0.999227951015514	0.0269243785624943	0.978520049282506	0.00943027148420782	1.99845590203103
A269010003	FALSE	21	chr17	39725299	39725418	ERBB2	1317.36666666667	0.824482026433204	0.991392971136547	1.09490419324268	0.273558611801461	0.56294960880103	1.98278594227309
A269010003	FALSE	22	chr17	39725669	39725908	ERBB2	1549.74583333333	0.727769776664891	0.999809503659145	0.00510667657413193	0.995925479313818	0.00177315669034808	1.99961900731829
A269010003	FALSE	23	chr17	39726554	39726673	ERBB2	1145.61666666667	1.07872974804492	1.02276002716705	-1.35716698254667	0.17472815917498	0.757637098515561	2.04552005433409
A269010003	FALSE	24	chr17	39726807	39727046	ERBB2	1508.55416666667	0.711399008453687	1.01397190671029	-0.648027476346614	0.51696717918552	0.286537028184744	2.02794381342058
A269010003	FALSE	25	chr17	39727287	39727547	ERBB2	1653.09578544061	0.714979312807828	1.00697311073558	-0.28187184510401	0.778041778884065	0.108997081864234	2.01394622147117
A269010003	FALSE	26	chr17	39727548	39727808	ERBB2	1841.55938697318	0.673223477011533	0.988543823211835	0.396493974113615	0.691740652362973	0.160056700860099	1.97708764642367
A269010003	FALSE	27	chr17	39727809	39728070	ERBB2	1645.74809160305	0.659897428480095	1.00830140699952	-1.26576660915039	0.205596652946951	0.686983959805663	2.01660281399904
A269010004	FALSE	1	chr17	39700221	39700340	ERBB2	1023.61666666667	2.04009392096679	0.957759688166349	0.55363372547751	0.57982954026772	0.236699662647012	1.9155193763327
A269010004	FALSE	2	chr17	39706922	39707161	ERBB2	1968.70833333333	0.757912143492098	0.979238083853743	1.46448223199469	0.143062234340873	0.844474996442894	1.95847616770749
A269010004	FALSE	3	chr17	39708303	39708542	ERBB2	1798.72916666667	0.70932332626816	0.994397283187723	1.12504688122776	0.260569168722922	0.584076972528408	1.98879456637545
A269010004	FALSE	4	chr17	39709260	39709499	ERBB2	2145.5	0.705972751685854	1.00346935650922	-0.152399562565004	0.878871802070598	0.0560744693104588	2.00693871301843
A269010004	FALSE	5	chr17	39709775	39709894	ERBB2	1053.71666666667	1.5367431156383	0.979307211144093	0.525625429761309	0.599148484501662	0.222465534858752	1.95861442228819
A269010004	FALSE	6	chr17	39710018	39710257	ERBB2	2191.07916666667	0.660361682673042	0.99417994250564	0.161945208596721	0.871349001366066	0.0598078622031627	1.98835988501128
A269010004	FALSE	7	chr17	39710322	39710561	ERBB2	2074.70833333333	0.608613479450658	0.98456730142124	1.63029918544878	0.10303827965366	0.987001400985424	1.96913460284248
A269010004	FALSE	8	chr17	39711870	39712109	ERBB2	2214.575	0.520596502714968	1.00925115461469	-0.248628712531899	0.803647996383774	0.0949341337180139	2.01850230922938
A269010004	FALSE	9	chr17	39712304	39712543	ERBB2	1621.5625	0.90303931393332	0.983427464797462	0.904419614447945	0.365772941398908	0.43678842525598	1.96685492959492
A269010004	FALSE	10	chr17	39715278	39715397	ERBB2	1675.4	0.844830373380954	0.986681134773102	0.573193081281637	0.566513968430088	0.24678937734989	1.9733622695462
A269010004	FALSE	11	chr17	39715428	39715547	ERBB2	1438.91666666667	1.09762707283643	0.999039758926748	0.127486492638982	0.898555363261905	0.0464551592690724	1.9980795178535
A269010004	FALSE	12	chr17	39715732	39715971	ERBB2	2239.0125	0.667681498974312	1.01806734794748	-0.4873745696249	0.625992911706274	0.203430584400241	2.03613469589497
A269010004	FALSE	13	chr17	39716273	39716606	ERBB2	1751.38922155689	0.80119779354262	0.998101302804343	0.0925209867017735	0.926284117757001	0.0332557823802618	1.99620260560869
A269010004	FALSE	14	chr17	39717252	39717491	ERBB2	1999.9	0.666162261003618	1.00246078909622	-0.0533048077948663	0.957489049583617	0.0188661841819025	2.00492157819243
A269010004	FALSE	15	chr17	39719779	39719898	ERBB2	1781.40833333333	0.795741062416963	0.998792284902476	0.0222946394254666	0.982212924939709	0.00779435528580126	1.99758456980495
A269010004	FALSE	16	chr17	39723281	39723499	ERBB2	2041.20547945205	0.51598339099243	0.985590447977294	1.51627773312246	0.129449139595705	0.887900831826864	1.97118089595459
A269010004	FALSE	17	chr17	39723500	39723719	ERBB2	2034.39545454545	0.68224579198411	0.989948076838336	1.54242109663375	0.122971298235602	0.910196241995291	1.97989615367667
A269010004	FALSE	18	chr17	39723904	39724023	ERBB2	1472.25	0.93651316743744	0.986495548831122	0.95726078296694	0.338435644365843	0.470523902913819	1.97299109766224
A269010004	FALSE	19	chr17	39724678	39724917	ERBB2	2047.38333333333	0.716754538539256	1.01209877913408	-0.222006524643109	0.824308804139432	0.0839100615917526	2.02419755826817
A269010004	FALSE	20	chr17	39725021	39725260	ERBB2	1943.13333333333	0.721153150776007	1.00869851395054	-0.300503191874837	0.763793362107484	0.117024120265683	2.01739702790108
A269010004	FALSE	21	chr17	39725299	39725418	ERBB2	1524.09166666667	0.821030012411764	0.995561274834809	0.562288181577731	0.57391968920815	0.241148875849357	1.99112254966962
A269010004	FALSE	22	chr17	39725669	39725908	ERBB2	1841.54583333333	0.71740922837488	1.01424836816461	-0.376521505514091	0.706529230691816	0.150869865711318	2.02849673632921
A269010004	FALSE	23	chr17	39726554	39726673	ERBB2	1395.29166666667	1.11000152600066	0.993946080769321	0.37145657692622	0.710297492607958	0.148559718410375	1.98789216153864
A269010004	FALSE	24	chr17	39726807	39727046	ERBB2	1948.85416666667	0.737221314044269	0.978455987763641	1.03549726801201	0.300436741647721	0.522246956757362	1.95691197552728
A269010004	FALSE	25	chr17	39727287	39727547	ERBB2	2143.04597701149	0.727594664654365	0.989513774227164	0.431360496114854	0.666206269041882	0.176391284887883	1.97902754845433
A269010004	FALSE	26	chr17	39727548	39727808	ERBB2	2475.53256704981	0.675269980634543	0.985547897769086	0.501702309623431	0.615876939615841	0.210506056966874	1.97109579553817
A269010004	FALSE	27	chr17	39727809	39728070	ERBB2	2026.65267175573	0.667340515946356	0.997055460761699	0.454036043714338	0.649802884491415	0.187218365142584	1.9941109215234
A269010005	TRUE	1	chr17	39700221	39700340	ERBB2	1067.33333333333	1.31941102349226	1.48090298078874	-4.07645673910998	4.57271581631936e-05	4.33982578817527	2.96180596157748
A269010005	TRUE	2	chr17	39706922	39707161	ERBB2	1801.69166666667	0.558712533896151	1.32836904507432	-17.0745172223037	2.29717987633106e-65	64.6388049968644	2.65673809014865
A269010005	TRUE	3	chr17	39708303	39708542	ERBB2	1781.275	0.455324603631294	1.54911283712203	-70.7799776755209	1e-100	100	3.09822567424406
A269010005	TRUE	4	chr17	39709260	39709499	ERBB2	2142.0125	0.508962738693645	1.39189368688472	-12.4108380214149	2.28251165518099e-35	34.6415869961517	2.78378737376945
A269010005	TRUE	5	chr17	39709775	39709894	ERBB2	1196.83333333333	0.881306364016154	1.7076282167787	-10.3083252736813	6.46174996914607e-25	24.1896498505773	3.4152564335574
A269010005	TRUE	6	chr17	39710018	39710257	ERBB2	2151.15	0.476022941957544	1.3791737369065	-7.60545315437548	2.83907330135443e-14	13.546823394384	2.758347473813
A269010005	TRUE	7	chr17	39710322	39710561	ERBB2	2035.97916666667	0.424806106900014	1.41057513378065	-30.2738228532709	1e-100	100	2.82115026756131
A269010005	TRUE	8	chr17	39711870	39712109	ERBB2	2237.12083333333	0.426908470522938	1.2307383379155	-5.08520689683355	3.67225534194786e-07	6.43506712873891	2.46147667583101
A269010005	TRUE	9	chr17	39712304	39712543	ERBB2	1757.11666666667	0.565071822999168	1.57161200924929	-19.5199796672487	7.42678039915079e-85	84.1291994174533	3.14322401849859
A269010005	TRUE	10	chr17	39715278	39715397	ERBB2	1725.16666666667	0.588021291559264	1.41759865410297	-12.5088198514671	6.68094220611453e-36	35.1751622851201	2.83519730820594
A269010005	TRUE	11	chr17	39715428	39715547	ERBB2	1601.55	0.682845091040277	1.60588851062459	-50.0430755873522	1e-100	100	3.21177702124918
A269010005	TRUE	12	chr17	39715732	39715971	ERBB2	2156.77916666667	0.459230214678395	1.48018294791516	-8.90915062965975	5.14250049619611e-19	18.2888256577285	2.96036589583032
A269010005	TRUE	13	chr17	39716273	39716606	ERBB2	1736.19760479042	0.543174538679359	1.4722276259177	-15.6003950661125	7.23450442080897e-55	54.1405912136368	2.9444552518354
A269010005	TRUE	14	chr17	39717252	39717491	ERBB2	1880.4875	0.501921954905873	1.3304888126622	-5.39392517965684	6.8934931962453e-08	7.16156064871524	2.66097762532441
A269010005	TRUE	15	chr17	39719779	39719898	ERBB2	1797.63333333333	0.56516438842282	1.40628116385769	-5.32679108949134	9.99630241120897e-08	7.00016061393687	2.81256232771538
A269010005	TRUE	16	chr17	39723281	39723499	ERBB2	2093.62100456621	0.362208882766307	1.40401940889225	-29.8437835362821	1e-100	100	2.8080388177845
A269010005	TRUE	17	chr17	39723500	39723719	ERBB2	2034.34090909091	0.4993580570837	1.35251229077999	-39.5912538739528	1e-100	100	2.70502458155997
A269010005	TRUE	18	chr17	39723904	39724023	ERBB2	1524.90833333333	0.689966259374209	1.33900181138815	-17.7039148680053	3.91146926147239e-70	69.4076600783351	2.6780036227763
A269010005	TRUE	19	chr17	39724678	39724917	ERBB2	1928.70833333333	0.534057713495647	1.35832958697694	-4.89919357041474	9.62308035223712e-07	6.01668588785366	2.71665917395389
A269010005	TRUE	20	chr17	39725021	39725260	ERBB2	2009.02083333333	0.509768807635675	1.42697258173236	-10.4267693098285	1.87143353032974e-25	24.7278255935689	2.85394516346472
A269010005	TRUE	21	chr17	39725299	39725418	ERBB2	1607.51666666667	0.570144425666919	1.43364672008881	-38.1471955477275	1e-100	100	2.86729344017761
A269010005	TRUE	22	chr17	39725669	39725908	ERBB2	1862.26666666667	0.512275131328078	1.42039129890819	-7.93258421078193	2.14632082824707e-15	14.6683053599455	2.84078259781638
A269010005	TRUE	23	chr17	39726554	39726673	ERBB2	1429.91666666667	0.804014757516863	1.37221569144293	-16.5427060151937	1.80718706387201e-61	60.7429968908245	2.74443138288585
A269010005	TRUE	24	chr17	39726807	39727046	ERBB2	1785.82083333333	0.561145590998219	1.28547496515193	-10.4440290503883	1.56043956867485e-25	24.806753045646	2.57094993030386
A269010005	TRUE	25	chr17	39727287	39727547	ERBB2	1952.5785440613	0.544029062971901	1.32339426646932	-9.94686164528084	2.60261515148778e-23	22.5845900462365	2.64678853293864
A269010005	TRUE	26	chr17	39727548	39727808	ERBB2	2207.26053639847	0.482677062890934	1.37879124782717	-9.39927224960138	5.49417568465108e-21	20.2600974574647	2.75758249565434
A269010005	TRUE	27	chr17	39727809	39728070	ERBB2	1919.62595419847	0.514229922824919	1.29392607485112	-34.9237564954117	1e-100	100	2.58785214970225
A269010006	TRUE	1	chr17	39700221	39700340	ERBB2	1033.7	1.52448920110234	1.28168813276103	-2.75891400571806	0.00579937937132507	2.23661848058028	2.56337626552206
A269010006	TRUE	2	chr17	39706922	39707161	ERBB2	1608.0125	0.701801893212023	1.05752982757837	-3.75755560950934	0.00017158124424612	3.7655301871493	2.11505965515674
A269010006	TRUE	3	chr17	39708303	39708542	ERBB2	1471.22083333333	0.690829328250631	1.02101801370951	-4.11045732839016	3.94876251765278e-05	4.40353898436279	2.04203602741903
A269010006	TRUE	4	chr17	39709260	39709499	ERBB2	1505.86666666667	0.818636739032083	0.865367981999988	6.85782562566951	6.9916525739904e-12	11.1554201606007	1.73073596399998
A269010006	TRUE	5	chr17	39709775	39709894	ERBB2	867.233333333333	1.36930564630818	1.09905602074901	-2.24200895165251	0.0249607937643648	1.60274160801196	2.19811204149802
A269010006	TRUE	6	chr17	39710018	39710257	ERBB2	1798.18333333333	0.641575126853319	1.02329144668183	-0.629655419429767	0.528920056034891	0.276609964725884	2.04658289336366
A269010006	TRUE	7	chr17	39710322	39710561	ERBB2	1586.59583333333	0.615266695804864	0.973920634997889	2.78512243094233	0.00535075154830862	2.27158521417313	1.94784126999578
A269010006	TRUE	8	chr17	39711870	39712109	ERBB2	1753.95833333333	0.491570653680168	1.06884456490623	-1.74706757326922	0.0806256173971536	1.093526946699	2.13768912981246
A269010006	TRUE	9	chr17	39712304	39712543	ERBB2	1393.975	0.816302014522818	1.08792291004332	-4.33737814213375	1.4419242963248e-05	4.8410575402764	2.17584582008663
A269010006	TRUE	10	chr17	39715278	39715397	ERBB2	1351.14166666667	0.842161731794272	0.989807729356591	0.437250833826055	0.661929447507961	0.179188297857654	1.97961545871318
A269010006	TRUE	11	chr17	39715428	39715547	ERBB2	1235.625	1.18860091047041	0.922574664530581	11.1313602600236	8.82779701240289e-29	28.0541476616235	1.84514932906116
A269010006	TRUE	12	chr17	39715732	39715971	ERBB2	1650.16666666667	0.677844872571794	1.00280279521091	-0.0767574955129786	0.938816464601044	0.0274193025175452	2.00560559042182
A269010006	TRUE	13	chr17	39716273	39716606	ERBB2	1444.26047904192	0.753021369795026	1.0619573276606	-2.83755821874212	0.00454600554306194	2.34237003906425	2.12391465532121
A269010006	TRUE	14	chr17	39717252	39717491	ERBB2	1596.97916666667	0.655596421075449	1.01861682639502	-0.396875404482792	0.691459342272303	0.160233351268196	2.03723365279004
A269010006	TRUE	15	chr17	39719779	39719898	ERBB2	1444.29166666667	0.779784271148505	1.01923065561655	-0.347882633821085	0.727928327847614	0.137911379413086	2.03846131123309
A269010006	TRUE	16	chr17	39723281	39723499	ERBB2	1969.09589041096	0.42376840511604	1.20006186241708	-17.289619553757	5.63227641559033e-67	66.2493160394448	2.40012372483417
A269010006	TRUE	17	chr17	39723500	39723719	ERBB2	1915.83181818182	0.578850889653461	1.16677355391135	-21.7123494236552	1e-100	100	2.33354710782271
A269010006	TRUE	18	chr17	39723904	39724023	ERBB2	1209.35833333333	0.890018128005305	1.03803062210578	-2.56195632893227	0.0104084405417459	1.98261433435575	2.07606124421157
A269010006	TRUE	19	chr17	39724678	39724917	ERBB2	1639.46666666667	0.716560164665112	1.0123733207154	-0.226982653625983	0.82043723056248	0.0859546400382266	2.0247466414308
A269010006	TRUE	20	chr17	39725021	39725260	ERBB2	1632.9375	0.69559798137842	1.04575650158877	-1.52471139085938	0.127331099343253	0.895065511321637	2.09151300317754
A269010006	TRUE	21	chr17	39725299	39725418	ERBB2	1351.6	0.706865422873302	1.15635262298125	-17.052324034852	3.35907543389373e-65	64.4737802432093	2.3127052459625
A269010006	TRUE	22	chr17	39725669	39725908	ERBB2	1602.92083333333	0.651356363629012	1.11710145139517	-2.80956211196424	0.0049608945637006	2.30444000313709	2.23420290279035
A269010006	TRUE	23	chr17	39726554	39726673	ERBB2	1262.11666666667	0.996331914417926	1.10734349713255	-5.91190757512614	3.38168285265041e-09	8.47086712465145	2.21468699426511
A269010006	TRUE	24	chr17	39726807	39727046	ERBB2	1687.35833333333	0.650519150140303	1.10886606317126	-4.61718304009341	3.88984152600158e-06	5.41006809167815	2.21773212634253
A269010006	TRUE	25	chr17	39727287	39727547	ERBB2	1838.90421455939	0.641741207771192	1.12189295936001	-4.42252410412515	9.75544617257545e-06	5.01075286303458	2.24378591872002
A269010006	TRUE	26	chr17	39727548	39727808	ERBB2	2074.00383141762	0.59417251747821	1.12006343320204	-3.66742254156895	0.000245007736144183	3.61082020252654	2.24012686640409
A269010006	TRUE	27	chr17	39727809	39728070	ERBB2	1878.25954198473	0.571459868936231	1.16434336299141	-21.7001831339949	1e-100	100	2.32868672598283
A269010007	TRUE	1	chr17	39700221	39700340	ERBB2	1856.375	1.39612313942426	1.39953250712611	-3.58361302415607	0.000338874029290044	3.46996171345301	2.79906501425222
A269010007	TRUE	2	chr17	39706922	39707161	ERBB2	3144.425	0.577113477768813	1.28601473317176	-15.3619883217411	2.94405043940428e-53	52.5310547536527	2.57202946634352
A269010007	TRUE	3	chr17	39708303	39708542	ERBB2	2737.66666666667	0.669165246154471	1.05407325409711	-10.2433872067459	1.2672059385686e-24	23.8971528004945	2.10814650819422
A269010007	TRUE	4	chr17	39709260	39709499	ERBB2	3038.85416666667	0.67469418689616	1.04998981257901	-2.09862734932614	0.0358497635126857	1.44551370486297	2.09997962515801
A269010007	TRUE	5	chr17	39709775	39709894	ERBB2	1676.33333333333	1.35447037184331	1.11109378699258	-2.4872265593419	0.0128743381380912	1.89027508852858	2.22218757398515
A269010007	TRUE	6	chr17	39710018	39710257	ERBB2	3421.16666666667	0.542018340003068	1.21124746389411	-4.82463483722288	1.40260002909316e-06	5.85306615642897	2.42249492778822
A269010007	TRUE	7	chr17	39710322	39710561	ERBB2	2980.7625	0.549674040015091	1.09013867756039	-8.6000362061741	7.969095463307e-18	17.0985909706476	2.18027735512077
A269010007	TRUE	8	chr17	39711870	39712109	ERBB2	3327.08333333333	0.436010436234607	1.2050459754838	-4.61532437539168	3.92481819745172e-06	5.4061804555231	2.41009195096761
A269010007	TRUE	9	chr17	39712304	39712543	ERBB2	2475	0.796396850448934	1.11511448420881	-5.54030750581003	3.01940973406614e-08	7.52007794919292	2.23022896841762
A269010007	TRUE	10	chr17	39715278	39715397	ERBB2	2582.225	0.717078233195348	1.16246478126079	-5.93457968998987	2.94599216438839e-09	8.53076841260792	2.32492956252158
A269010007	TRUE	11	chr17	39715428	39715547	ERBB2	2224.35	0.954195233064341	1.1492124968141	-17.2215217510931	1.83109730061646e-66	65.7372885776	2.2984249936282
A269010007	TRUE	12	chr17	39715732	39715971	ERBB2	3253.61666666667	0.623917465350524	1.08947861004739	-2.25551378694031	0.024101097885084	1.61796317341793	2.17895722009477
A269010007	TRUE	13	chr17	39716273	39716606	ERBB2	2814.33832335329	0.653308550981307	1.22404116758872	-8.90206932593837	5.48150131428046e-19	18.2611004774261	2.44808233517744
A269010007	TRUE	14	chr17	39717252	39717491	ERBB2	2998.82083333333	0.542214731921072	1.23161822524773	-4.08372045050709	4.43203438951394e-05	4.35339687844249	2.46323645049547
A269010007	TRUE	15	chr17	39719779	39719898	ERBB2	2706.91666666667	0.681159255506101	1.16680501292116	-2.63585762516987	0.00839249368293156	2.07610897697527	2.33361002584231
A269010007	TRUE	16	chr17	39723281	39723499	ERBB2	3320.78082191781	0.393512809710815	1.29232972581196	-23.4598056047176	1e-100	100	2.58465945162392
A269010007	TRUE	17	chr17	39723500	39723719	ERBB2	3232.83636363636	0.524761326951846	1.28703826867122	-33.8777496495419	1e-100	100	2.57407653734244
A269010007	TRUE	18	chr17	39723904	39724023	ERBB2	2039.43333333333	0.831068426720529	1.11166065439934	-7.0238688261898	2.15807429310288e-12	11.6659336085274	2.22332130879867
A269010007	TRUE	19	chr17	39724678	39724917	ERBB2	2901.00416666667	0.667553636041415	1.08669379391919	-1.48158957294316	0.138449535148049	0.858708498083637	2.17338758783837
A269010007	TRUE	20	chr17	39725021	39725260	ERBB2	2982.56666666667	0.625813097472471	1.16236958679265	-4.86772296373169	1.12891432995648e-06	5.94733901417677	2.32473917358531
A269010007	TRUE	21	chr17	39725299	39725418	ERBB2	2413.05833333333	0.712049082480623	1.14793446961086	-16.2525300338044	2.14333637538768e-59	58.6689096653974	2.29586893922172
A269010007	TRUE	22	chr17	39725669	39725908	ERBB2	2876.23333333333	0.626765265271066	1.16093086120649	-3.71536901515136	0.000202907355543467	3.69270220918135	2.32186172241298
A269010007	TRUE	23	chr17	39726554	39726673	ERBB2	2264.66666666667	0.877450424100594	1.25737208178708	-12.4833709961903	9.20071878154259e-36	35.0361782432345	2.51474416357416
A269010007	TRUE	24	chr17	39726807	39727046	ERBB2	3060.67083333333	0.564917614725737	1.27689169222277	-10.1981061888797	2.02176224362686e-24	23.6942699181575	2.55378338444553
A269010007	TRUE	25	chr17	39727287	39727547	ERBB2	3334.14942528736	0.572184336602456	1.25827446973598	-8.35505097099587	6.5404464712901e-17	16.184392604367	2.51654893947196
A269010007	TRUE	26	chr17	39727548	39727808	ERBB2	3710.30651340996	0.545631020388075	1.21970871334919	-6.16288360725528	7.14320137758382e-10	9.14610710628864	2.43941742669838
A269010007	TRUE	27	chr17	39727809	39728070	ERBB2	3154.25190839695	0.534831804219403	1.24408365464161	-30.1634778560908	1e-100	100	2.48816730928323
A269010009	TRUE	1	chr17	39700221	39700340	ERBB2	915.008333333333	2.34234676649295	0.834171842327469	2.49548363320977	0.0125785557875919	1.90036921974012	1.66834368465494
A269010009	TRUE	2	chr17	39706922	39707161	ERBB2	2008.4875	0.856844417173149	0.866174092107912	10.67185654114	1.3784426749467e-26	25.860611290111	1.73234818421582
A269010009	TRUE	3	chr17	39708303	39708542	ERBB2	1824.7375	1.03855272942607	0.679165504608059	94.3272806291448	1e-100	100	1.35833100921612
A269010009	TRUE	4	chr17	39709260	39709499	ERBB2	2396.95	0.76760538798641	0.922898710632534	3.68253180803962	0.000230929043611823	3.63652144305889	1.84579742126507
A269010009	TRUE	5	chr17	39709775	39709894	ERBB2	1032.775	2.58269597282403	0.582702583136434	17.814557832209	5.44867427322263e-71	70.2637091538449	1.16540516627287
A269010009	TRUE	6	chr17	39710018	39710257	ERBB2	2310.37083333333	0.798826407377065	0.821853576258802	5.99637085250052	2.01775938804954e-09	8.69513062336797	1.6437071525176
A269010009	TRUE	7	chr17	39710322	39710561	ERBB2	2052.35416666667	0.804973498597249	0.744398333753262	35.713230285789	1e-100	100	1.48879666750652
A269010009	TRUE	8	chr17	39711870	39712109	ERBB2	2455.48333333333	0.56798785937143	0.925041993036444	2.19791644767908	0.0279550605827613	1.55353956222375	1.85008398607289
A269010009	TRUE	9	chr17	39712304	39712543	ERBB2	1784.52916666667	1.18154986220299	0.751617592725267	17.7356557380796	2.22485475549308e-70	69.6526983356704	1.50323518545053
A269010009	TRUE	10	chr17	39715278	39715397	ERBB2	1834.01666666667	1.01374672604008	0.822274607736039	9.17789621079861	4.39595430234901e-20	19.3569468308848	1.64454921547208
A269010009	TRUE	11	chr17	39715428	39715547	ERBB2	1534.94166666667	1.28554360552971	0.853003415458738	22.8572059190195	1e-100	100	1.70600683091748
A269010009	TRUE	12	chr17	39715732	39715971	ERBB2	2223.1375	0.987314849696281	0.688478182155856	12.4263405470333	1.88047479704981e-35	34.7257324828082	1.37695636431171
A269010009	TRUE	13	chr17	39716273	39716606	ERBB2	1773.42814371257	1.07946983525101	0.740804916844115	17.0169636796257	6.1477032110793e-65	64.2112871068362	1.48160983368823
A269010009	TRUE	14	chr17	39717252	39717491	ERBB2	2099.4375	0.693714827068535	0.962645628685447	0.842625059358448	0.399438171466365	0.398550435045991	1.92529125737089
A269010009	TRUE	15	chr17	39719779	39719898	ERBB2	2036.7	0.909032653655514	0.87431406421551	2.65051554053796	0.00803690298334532	2.09491127418203	1.74862812843102
A269010009	TRUE	16	chr17	39723281	39723499	ERBB2	2070.5296803653	0.614619801751476	0.827419324967837	21.6317306809497	1e-100	100	1.65483864993567
A269010009	TRUE	17	chr17	39723500	39723719	ERBB2	1916.41818181818	0.86816820520605	0.777945916074433	43.3586321147363	1e-100	100	1.55589183214887
A269010009	TRUE	18	chr17	39723904	39724023	ERBB2	1540.35833333333	1.10775596997935	0.833997826358806	13.9186564147458	4.87991372443146e-44	43.3115878561396	1.66799565271761
A269010009	TRUE	19	chr17	39724678	39724917	ERBB2	1907.09166666667	0.997910382252596	0.726945431469386	6.97581133423398	3.04110613872387e-12	11.5169684221256	1.45389086293877
A269010009	TRUE	20	chr17	39725021	39725260	ERBB2	2157.55833333333	0.873244197440514	0.833015682956268	6.98534584407043	2.84155118563089e-12	11.5464445164847	1.66603136591254
A269010009	TRUE	21	chr17	39725299	39725418	ERBB2	1600.80833333333	1.19805358751048	0.68226137324358	58.7337763695014	1e-100	100	1.36452274648716
A269010009	TRUE	22	chr17	39725669	39725908	ERBB2	1904.02083333333	0.995592984469594	0.730852015367605	9.87030695888801	5.59929971928971e-23	22.2518662849698	1.46170403073521
A269010009	TRUE	23	chr17	39726554	39726673	ERBB2	1520.26666666667	1.13676868263412	0.970541925785462	1.85107624045122	0.0641585856766558	1.19274521828365	1.94108385157092
A269010009	TRUE	24	chr17	39726807	39727046	ERBB2	2104.07083333333	0.778982424720447	0.926001134483183	3.75817681065079	0.000171155925091286	3.76660806182023	1.85200226896637
A269010009	TRUE	25	chr17	39727287	39727547	ERBB2	2332.77777777778	0.766127783486058	0.939745246483142	2.60990191874951	0.00905681855428191	2.0430243328936	1.87949049296628
A269010009	TRUE	26	chr17	39727548	39727808	ERBB2	2652.70498084291	0.736444186954016	0.903681394503966	3.64659604479287	0.000265737180269223	3.57554767759537	1.80736278900793
A269010009	TRUE	27	chr17	39727809	39728070	ERBB2	2134.67175572519	0.809741057424111	0.821713928806436	33.3571599305351	1e-100	100	1.64342785761287
A269010010	FALSE	1	chr17	39700221	39700340	ERBB2	1011.45	2.03928321731136	0.958140439242819	0.548425288760391	0.583399916072944	0.234033637691249	1.91628087848564
A269010010	FALSE	2	chr17	39706922	39707161	ERBB2	2306.9	0.725584557459702	1.02286691122682	-1.54416372383344	0.122548674517094	0.911691381703009	2.04573382245364
A269010010	FALSE	3	chr17	39708303	39708542	ERBB2	2041.62083333333	0.699017052763769	1.00905862847542	-1.79257743486479	0.0730405172173579	1.13643616011985	2.01811725695083
A269010010	FALSE	4	chr17	39709260	39709499	ERBB2	2691.10416666667	0.700700002656789	1.01102043693617	-0.480482732044875	0.630884178921608	0.20005036353267	2.02204087387235
A269010010	FALSE	5	chr17	39709775	39709894	ERBB2	1152.65833333333	1.55626023901272	0.967025679313989	0.848231008389867	0.396309331386008	0.401965701771939	1.93405135862798
A269010010	FALSE	6	chr17	39710018	39710257	ERBB2	2643.20416666667	0.626887817559017	1.04726606790537	-1.24852794577028	0.211837780898072	0.673996581658681	2.09453213581074
A269010010	FALSE	7	chr17	39710322	39710561	ERBB2	2315.525	0.592430387284717	1.01146218008454	-1.17865967328133	0.23853371963574	0.622450219489219	2.02292436016907
A269010010	FALSE	8	chr17	39711870	39712109	ERBB2	2690.025	0.506348040962032	1.03765113903709	-0.984195440338259	0.325019427284089	0.488090679297688	2.07530227807418
A269010010	FALSE	9	chr17	39712304	39712543	ERBB2	1783.5625	0.895091070851487	0.992160118711801	0.424083207408791	0.671505131757339	0.172950664029698	1.9843202374236
A269010010	FALSE	10	chr17	39715278	39715397	ERBB2	2012.53333333333	0.800205658356354	1.04170494521433	-1.70001741007232	0.0891276507630708	1.04998754051001	2.08340989042866
A269010010	FALSE	11	chr17	39715428	39715547	ERBB2	1641.025	1.08707752099382	1.00873494765624	-1.14855000090327	0.250741584076436	0.600773634780132	2.01746989531248
A269010010	FALSE	12	chr17	39715732	39715971	ERBB2	2489.35833333333	0.656115001746323	1.03601461805501	-0.954680155110569	0.339739468488482	0.468853996989077	2.07202923611002
A269010010	FALSE	13	chr17	39716273	39716606	ERBB2	1981.82335329341	0.777537441068758	1.02847338186013	-1.34649630400357	0.178142511550637	0.749232429055825	2.05694676372025
A269010010	FALSE	14	chr17	39717252	39717491	ERBB2	2399.28333333333	0.637013503746022	1.0483318515302	-1.00113820218545	0.316759998122016	0.499269668281322	2.0966637030604
A269010010	FALSE	15	chr17	39719779	39719898	ERBB2	2171.98333333333	0.743080060114138	1.06957524038538	-1.19937367163556	0.230382680330886	0.637550173336738	2.13915048077076
A269010010	FALSE	16	chr17	39723281	39723499	ERBB2	2324.7899543379	0.506763076008242	1.00352280099587	-0.364070616957562	0.715805277611793	0.145205103893444	2.00704560199173
A269010010	FALSE	17	chr17	39723500	39723719	ERBB2	2211.13181818182	0.672793878749488	1.00385561022204	-0.583429098049185	0.559604474208674	0.252118821849313	2.00771122044407
A269010010	FALSE	18	chr17	39723904	39724023	ERBB2	1729.55	0.916537025739533	1.00799645312018	-0.554736637652765	0.579074812284605	0.237265324936607	2.01599290624037
A269010010	FALSE	19	chr17	39724678	39724917	ERBB2	2362.36666666667	0.685094470352236	1.05887060075295	-1.03252997384496	0.301823913549222	0.520246353987083	2.11774120150589
A269010010	FALSE	20	chr17	39725021	39725260	ERBB2	2277.31666666667	0.698514684880416	1.04138986232343	-1.38498810099974	0.166056105818585	0.7797451509324	2.08277972464685
A269010010	FALSE	21	chr17	39725299	39725418	ERBB2	1796.13333333333	0.805993739638235	1.01413403806483	-1.75767911438445	0.0788021234927785	1.10346207935346	2.02826807612966
A269010010	FALSE	22	chr17	39725669	39725908	ERBB2	2155.49166666667	0.703250797954636	1.03466806052937	-0.898043717587536	0.369162242843113	0.432782724123435	2.06933612105873
A269010010	FALSE	23	chr17	39726554	39726673	ERBB2	1725.70833333333	1.10008739874229	1.00290364899887	-0.176570912098335	0.859845443825323	0.0655796056472163	2.00580729799773
A269010010	FALSE	24	chr17	39726807	39727046	ERBB2	2324	0.702930591183353	1.02618753271109	-1.20013890459028	0.230085398270591	0.638110941747373	2.05237506542218
A269010010	FALSE	25	chr17	39727287	39727547	ERBB2	2535.75478927203	0.692274937113872	1.03999856723292	-1.56550588314767	0.117464339015762	0.930093960790884	2.07999713446585
A269010010	FALSE	26	chr17	39727548	39727808	ERBB2	2703.91954022989	0.6688672415712	0.99498206591435	0.172545052346157	0.863009045785055	0.0639846521249469	1.9899641318287
A269010010	FALSE	27	chr17	39727809	39728070	ERBB2	2307.84732824427	0.660535712676395	1.00732707231807	-1.11828441724375	0.263445540048088	0.579309149336023	2.01465414463614
A269010011	FALSE	1	chr17	39700221	39700340	ERBB2	986.775	2.06687361473724	0.94535036087517	0.725682216159944	0.468033606399515	0.329722961990265	1.89070072175034
A269010011	FALSE	2	chr17	39706922	39707161	ERBB2	2024.9	0.747451387445952	0.992942748636415	0.49092635493038	0.623478536011248	0.205178493031193	1.98588549727283
A269010011	FALSE	3	chr17	39708303	39708542	ERBB2	1659.29583333333	0.707734957851097	0.99662900739621	0.675392375691543	0.499426508197114	0.301528410206129	1.99325801479242
A269010011	FALSE	4	chr17	39709260	39709499	ERBB2	2268.64583333333	0.71325953190203	0.993217743558386	0.301001487901829	0.763413359929173	0.117240244055837	1.98643548711677
A269010011	FALSE	5	chr17	39709775	39709894	ERBB2	1010.90833333333	1.51999950539531	0.990094805609313	0.248864251018749	0.80346578898986	0.0950326104615996	1.98018961121863
A269010011	FALSE	6	chr17	39710018	39710257	ERBB2	2229.52083333333	0.644876015218754	1.01805358583558	-0.490567375394564	0.623732465794271	0.205001649971082	2.03610717167116
A269010011	FALSE	7	chr17	39710322	39710561	ERBB2	2096.87083333333	0.60163244422925	0.99599171690115	0.418575212847825	0.67552660795834	0.170357540110643	1.9919834338023
A269010011	FALSE	8	chr17	39711870	39712109	ERBB2	2290.67916666667	0.519251022713424	1.0118663198925	-0.318088162908065	0.750418062327025	0.124696721171435	2.02373263978501
A269010011	FALSE	9	chr17	39712304	39712543	ERBB2	1585.38333333333	0.88809538045478	0.999975546161626	0.00131244469858546	0.998952820938721	0.000455022374432313	1.99995109232325
A269010011	FALSE	10	chr17	39715278	39715397	ERBB2	1733.475	0.83221880174623	1.00163345234357	-0.0692481519388649	0.944792095363578	0.0246637489194576	2.00326690468713
A269010011	FALSE	11	chr17	39715428	39715547	ERBB2	1537.275	1.10362998017777	0.993605742806434	0.853576941709978	0.39333943912576	0.40523250582529	1.98721148561287
A269010011	FALSE	12	chr17	39715732	39715971	ERBB2	2105.92916666667	0.662495556527239	1.0260366673213	-0.696895207010282	0.485868377532414	0.313481365827063	2.0520733346426
A269010011	FALSE	13	chr17	39716273	39716606	ERBB2	1668.33532934132	0.788021715848686	1.0147900057267	-0.708845081119685	0.47842061868967	0.320190111648857	2.02958001145341
A269010011	FALSE	14	chr17	39717252	39717491	ERBB2	1989.14166666667	0.654062342288414	1.0210059541042	-0.446759215690539	0.655048921480907	0.183726264075687	2.04201190820839
A269010011	FALSE	15	chr17	39719779	39719898	ERBB2	1837.70833333333	0.776453773245312	1.02360251351507	-0.425145951465319	0.670730281795544	0.173452085906508	2.04720502703014
A269010011	FALSE	16	chr17	39723281	39723499	ERBB2	2002.85844748858	0.510339360867801	0.996490454140784	0.365260359979816	0.714917065346358	0.145744336033199	1.99298090828157
A269010011	FALSE	17	chr17	39723500	39723719	ERBB2	1985.61363636364	0.677336430285599	0.997123260328609	0.438245966849416	0.661207990201583	0.179661906946491	1.99424652065722
A269010011	FALSE	18	chr17	39723904	39724023	ERBB2	1560.04166666667	0.937009581944279	0.985972917354553	0.994834477890064	0.319816774501665	0.495098761094931	1.97194583470911
A269010011	FALSE	19	chr17	39724678	39724917	ERBB2	2043.91666666667	0.702945065075676	1.03198162905703	-0.575540256700922	0.564925972794735	0.248008457867442	2.06396325811405
A269010011	FALSE	20	chr17	39725021	39725260	ERBB2	2004.48333333333	0.725976845731313	1.00199629753444	-0.0694263861682251	0.944650226462666	0.0247289669790125	2.00399259506888
A269010011	FALSE	21	chr17	39725299	39725418	ERBB2	1542.30833333333	0.814847333812413	1.003115125885	-0.391645839703884	0.69531991297986	0.157815332855955	2.00623025177
A269010011	FALSE	22	chr17	39725669	39725908	ERBB2	1880.41666666667	0.710277059687651	1.02443283119045	-0.639233139518807	0.522671276508398	0.281771365975839	2.04886566238091
A269010011	FALSE	23	chr17	39726554	39726673	ERBB2	1456.15833333333	1.13325161596539	0.973554020019164	1.65666182907993	0.0975878643513024	1.01060418615458	1.94710804003833
A269010011	FALSE	24	chr17	39726807	39727046	ERBB2	2017.8625	0.713275790138935	1.01130392900773	-0.525667821210825	0.599119025393451	0.222486888902043	2.02260785801545
A269010011	FALSE	25	chr17	39727287	39727547	ERBB2	2227.45593869732	0.718331674646923	1.00227369631663	-0.0923398437617471	0.926428032836321	0.033188312077423	2.00454739263327
A269010011	FALSE	26	chr17	39727548	39727808	ERBB2	2482.31417624521	0.682565040605024	0.975014643660974	0.876732731416525	0.380631824035493	0.419494903844022	1.95002928732195
A269010011	FALSE	27	chr17	39727809	39728070	ERBB2	2086.86641221374	0.668693710472886	0.995037780662397	0.766705691507235	0.443256518946176	0.353344868538024	1.99007556132479
