sample	status	pos	depth	deficit	vaf
A269010002	negative	55174704	234	0	0
A269010002	negative	55174705	237	0	0
A269010002	negative	55174706	239	0	0
A269010002	negative	55174707	244	0	0
A269010002	negative	55174708	247	0	0
A269010002	negative	55174709	249	0	0
A269010002	negative	55174710	252	0	0
A269010002	negative	55174711	253	0	0
A269010002	negative	55174712	262	0	0
A269010002	negative	55174713	264	0	0
A269010002	negative	55174714	271	0	0
A269010002	negative	55174715	273	0	0
A269010002	negative	55174716	277	0	0
A269010002	negative	55174717	278	0	0
A269010002	negative	55174718	285	0	0
A269010002	negative	55174719	290	0	0
A269010002	negative	55174720	292	0	0
A269010002	negative	55174721	307	0	0
A269010002	negative	55174722	311	0	0
A269010002	negative	55174723	319	0	0
A269010002	negative	55174724	321	0	0
A269010002	negative	55174725	323	0	0
A269010002	negative	55174726	327	0	0
A269010002	negative	55174727	335	0	0
A269010002	negative	55174728	344	0	0
A269010002	negative	55174729	347	0	0
A269010002	negative	55174730	350	0	0
A269010002	negative	55174731	360	0	0
A269010002	negative	55174732	366	0	0
A269010002	negative	55174733	366	0	0
A269010002	negative	55174734	368	0	0
A269010002	negative	55174735	372	0	0
A269010002	negative	55174736	377	0	0
A269010002	negative	55174737	383	0	0
A269010002	negative	55174738	387	0	0
A269010002	negative	55174739	399	0	0
A269010002	negative	55174740	405	0	0
A269010002	negative	55174741	406	0	0
A269010002	negative	55174742	412	0	0
A269010002	negative	55174743	412	0	0
A269010002	negative	55174744	412	0	0
A269010002	negative	55174745	418	0	0
A269010002	negative	55174746	419	0	0
A269010002	negative	55174747	419	0	0
A269010002	negative	55174748	424	0	0
A269010002	negative	55174749	425	0	0
A269010002	negative	55174750	427	0	0
A269010002	negative	55174751	429	0	0
A269010002	negative	55174752	428	0	0
A269010002	negative	55174753	428	0	0
A269010002	negative	55174754	430	0	0
A269010002	negative	55174755	431	0	0
A269010002	negative	55174756	436	0	0
A269010002	negative	55174757	438	0	0
A269010002	negative	55174758	437	0	0
A269010002	negative	55174759	436	0	0
A269010002	negative	55174760	437	0	0
A269010002	negative	55174761	436	0	0
A269010002	negative	55174762	437	0	0
A269010002	negative	55174763	436	0	0
A269010002	negative	55174764	437	0	0
A269010002	negative	55174765	438	0	0
A269010002	negative	55174766	437	0	0
A269010002	negative	55174767	438	0	0
A269010002	negative	55174768	438	0	0
A269010002	negative	55174769	438	0	0
A269010002	negative	55174770	438	0	0
A269010002	negative	55174771	438	0	0
A269010002	negative	55174772	440	0	0
A269010002	negative	55174773	440	0	0
A269010002	negative	55174774	440	0	0
A269010002	negative	55174775	440	0	0
A269010002	negative	55174776	441	0	0
A269010002	negative	55174777	441	0	0
A269010002	negative	55174778	441	0	0
A269010002	negative	55174779	439	0	0
A269010002	negative	55174780	440	0	0
A269010002	negative	55174781	440	0	0
A269010002	negative	55174782	439	0	0
A269010002	negative	55174783	440	0	0
A269010002	negative	55174784	440	0	0
A269010002	negative	55174785	440	0	0
A269010002	negative	55174786	440	0	0
A269010002	negative	55174787	440	0	0
A269010002	negative	55174788	440	0	0
A269010002	negative	55174789	438	0	0
A269010002	negative	55174790	435	0	0
A269010002	negative	55174791	433	0	0
A269010002	negative	55174792	429	0	0
A269010002	negative	55174793	425	0	0
A269010002	negative	55174794	424	0	0
A269010002	negative	55174795	421	0	0
A269010002	negative	55174796	419	0	0
A269010002	negative	55174797	417	0	0
A269010002	negative	55174798	412	0	0
A269010002	negative	55174799	412	0	0
A269010002	negative	55174800	409	0	0
A269010002	negative	55174801	406	0	0
A269010002	negative	55174802	404	0	0
A269010002	negative	55174803	402	0	0
A269010002	negative	55174804	393	0	0
A269010002	negative	55174805	392	0	0
A269010002	negative	55174806	391	0	0
A269010002	negative	55174807	389	0	0
A269010002	negative	55174808	386	0	0
A269010002	negative	55174809	380	0	0
A269010002	negative	55174810	380	0	0
A269010002	negative	55174811	377	0	0
A269010002	negative	55174812	373	0	0
A269010002	negative	55174813	359	0	0
A269010002	negative	55174814	358	0	0
A269010002	negative	55174815	353	0	0
A269010002	negative	55174816	341	0	0
A269010002	negative	55174817	335	0	0
A269010002	negative	55174818	332	0	0
A269010002	negative	55174819	331	0	0
A269010002	negative	55174820	323	0	0
A269010002	negative	55174821	317	0	0
A269010002	negative	55174822	317	0	0
A269010002	negative	55174823	304	0	0
A269010003	negative	55174704	432	0	0
A269010003	negative	55174705	434	0	0
A269010003	negative	55174706	437	0	0
A269010003	negative	55174707	456	0	0
A269010003	negative	55174708	458	0	0
A269010003	negative	55174709	464	0	0
A269010003	negative	55174710	471	0	0
A269010003	negative	55174711	481	0	0
A269010003	negative	55174712	489	0	0
A269010003	negative	55174713	505	0	0
A269010003	negative	55174714	516	0	0
A269010003	negative	55174715	520	0	0
A269010003	negative	55174716	538	0	0
A269010003	negative	55174717	538	0	0
A269010003	negative	55174718	544	0	0
A269010003	negative	55174719	563	0	0
A269010003	negative	55174720	565	0	0
A269010003	negative	55174721	581	0	0
A269010003	negative	55174722	589	0	0
A269010003	negative	55174723	602	0	0
A269010003	negative	55174724	604	0	0
A269010003	negative	55174725	608	0	0
A269010003	negative	55174726	610	0	0
A269010003	negative	55174727	618	0	0
A269010003	negative	55174728	629	0	0
A269010003	negative	55174729	637	0	0
A269010003	negative	55174730	642	0	0
A269010003	negative	55174731	652	0	0
A269010003	negative	55174732	661	0	0
A269010003	negative	55174733	661	0	0
A269010003	negative	55174734	661	0	0
A269010003	negative	55174735	658	0	0
A269010003	negative	55174736	671	0	0
A269010003	negative	55174737	677	0	0
A269010003	negative	55174738	680	0	0
A269010003	negative	55174739	689	0	0
A269010003	negative	55174740	695	0	0
A269010003	negative	55174741	701	0	0
A269010003	negative	55174742	708	0	0
A269010003	negative	55174743	708	0	0
A269010003	negative	55174744	710	0	0
A269010003	negative	55174745	716	0	0
A269010003	negative	55174746	722	0	0
A269010003	negative	55174747	727	0	0
A269010003	negative	55174748	728	0	0
A269010003	negative	55174749	739	0	0
A269010003	negative	55174750	742	0	0
A269010003	negative	55174751	745	0	0
A269010003	negative	55174752	745	0	0
A269010003	negative	55174753	744	0	0
A269010003	negative	55174754	745	0	0
A269010003	negative	55174755	746	0	0
A269010003	negative	55174756	749	0	0
A269010003	negative	55174757	749	0	0
A269010003	negative	55174758	747	0	0
A269010003	negative	55174759	748	0	0
A269010003	negative	55174760	746	0	0
A269010003	negative	55174761	741	0	0
A269010003	negative	55174762	746	0	0
A269010003	negative	55174763	747	0	0
A269010003	negative	55174764	747	0	0
A269010003	negative	55174765	748	0	0
A269010003	negative	55174766	748	0	0
A269010003	negative	55174767	747	0	0
A269010003	negative	55174768	748	0	0
A269010003	negative	55174769	749	0	0
A269010003	negative	55174770	749	0	0
A269010003	negative	55174771	749	0	0
A269010003	negative	55174772	748	0	0
A269010003	negative	55174773	750	0	0
A269010003	negative	55174774	750	0	0
A269010003	negative	55174775	751	0	0
A269010003	negative	55174776	752	0	0
A269010003	negative	55174777	752	0	0
A269010003	negative	55174778	752	0	0
A269010003	negative	55174779	751	0	0
A269010003	negative	55174780	750	0	0
A269010003	negative	55174781	750	0	0
A269010003	negative	55174782	749	0	0
A269010003	negative	55174783	749	0	0
A269010003	negative	55174784	748	0	0
A269010003	negative	55174785	743	0	0
A269010003	negative	55174786	740	0	0
A269010003	negative	55174787	738	0	0
A269010003	negative	55174788	733	0	0
A269010003	negative	55174789	734	0	0
A269010003	negative	55174790	731	0	0
A269010003	negative	55174791	722	0	0
A269010003	negative	55174792	717	0	0
A269010003	negative	55174793	710	0	0
A269010003	negative	55174794	708	0	0
A269010003	negative	55174795	699	0	0
A269010003	negative	55174796	698	0	0
A269010003	negative	55174797	695	0	0
A269010003	negative	55174798	695	0	0
A269010003	negative	55174799	693	0	0
A269010003	negative	55174800	693	0	0
A269010003	negative	55174801	691	0	0
A269010003	negative	55174802	687	0	0
A269010003	negative	55174803	685	0	0
A269010003	negative	55174804	676	0	0
A269010003	negative	55174805	670	0	0
A269010003	negative	55174806	665	0	0
A269010003	negative	55174807	662	0	0
A269010003	negative	55174808	662	0	0
A269010003	negative	55174809	656	0	0
A269010003	negative	55174810	653	0	0
A269010003	negative	55174811	651	0	0
A269010003	negative	55174812	646	0	0
A269010003	negative	55174813	632	0	0
A269010003	negative	55174814	624	0	0
A269010003	negative	55174815	617	0	0
A269010003	negative	55174816	598	0	0
A269010003	negative	55174817	592	0	0
A269010003	negative	55174818	579	0	0
A269010003	negative	55174819	579	0	0
A269010003	negative	55174820	572	1	0.0017
A269010003	negative	55174821	554	0	0
A269010003	negative	55174822	553	0	0
A269010003	negative	55174823	546	0	0
A269010004	negative	55174704	447	0	0
A269010004	negative	55174705	452	0	0
A269010004	negative	55174706	455	0	0
A269010004	negative	55174707	464	0	0
A269010004	negative	55174708	465	0	0
A269010004	negative	55174709	472	0	0
A269010004	negative	55174710	476	0	0
A269010004	negative	55174711	479	0	0
A269010004	negative	55174712	485	0	0
A269010004	negative	55174713	498	0	0
A269010004	negative	55174714	514	0	0
A269010004	negative	55174715	515	0	0
A269010004	negative	55174716	524	0	0
A269010004	negative	55174717	524	0	0
A269010004	negative	55174718	527	0	0
A269010004	negative	55174719	555	0	0
A269010004	negative	55174720	555	0	0
A269010004	negative	55174721	576	0	0
A269010004	negative	55174722	582	0	0
A269010004	negative	55174723	588	0	0
A269010004	negative	55174724	596	0	0
A269010004	negative	55174725	595	0	0
A269010004	negative	55174726	597	0	0
A269010004	negative	55174727	603	0	0
A269010004	negative	55174728	614	0	0
A269010004	negative	55174729	621	0	0
A269010004	negative	55174730	628	0	0
A269010004	negative	55174731	639	0	0
A269010004	negative	55174732	650	0	0
A269010004	negative	55174733	651	0	0
A269010004	negative	55174734	652	0	0
A269010004	negative	55174735	659	0	0
A269010004	negative	55174736	670	0	0
A269010004	negative	55174737	680	0	0
A269010004	negative	55174738	683	0	0
A269010004	negative	55174739	693	0	0
A269010004	negative	55174740	698	0	0
A269010004	negative	55174741	703	0	0
A269010004	negative	55174742	712	0	0
A269010004	negative	55174743	713	0	0
A269010004	negative	55174744	713	0	0
A269010004	negative	55174745	717	0	0
A269010004	negative	55174746	720	0	0
A269010004	negative	55174747	726	0	0
A269010004	negative	55174748	728	0	0
A269010004	negative	55174749	731	0	0
A269010004	negative	55174750	734	0	0
A269010004	negative	55174751	738	0	0
A269010004	negative	55174752	738	0	0
A269010004	negative	55174753	738	0	0
A269010004	negative	55174754	739	0	0
A269010004	negative	55174755	741	0	0
A269010004	negative	55174756	743	0	0
A269010004	negative	55174757	742	0	0
A269010004	negative	55174758	743	0	0
A269010004	negative	55174759	742	0	0
A269010004	negative	55174760	743	0	0
A269010004	negative	55174761	737	0	0
A269010004	negative	55174762	743	0	0
A269010004	negative	55174763	742	0	0
A269010004	negative	55174764	742	0	0
A269010004	negative	55174765	743	0	0
A269010004	negative	55174766	743	0	0
A269010004	negative	55174767	744	0	0
A269010004	negative	55174768	744	0	0
A269010004	negative	55174769	744	0	0
A269010004	negative	55174770	740	0	0
A269010004	negative	55174771	743	0	0
A269010004	negative	55174772	742	0	0
A269010004	negative	55174773	741	0	0
A269010004	negative	55174774	743	0	0
A269010004	negative	55174775	740	0	0
A269010004	negative	55174776	740	0	0
A269010004	negative	55174777	742	0	0
A269010004	negative	55174778	741	0	0
A269010004	negative	55174779	739	0	0
A269010004	negative	55174780	739	0	0
A269010004	negative	55174781	734	0	0
A269010004	negative	55174782	737	0	0
A269010004	negative	55174783	739	0	0
A269010004	negative	55174784	737	0	0
A269010004	negative	55174785	735	0	0
A269010004	negative	55174786	730	0	0
A269010004	negative	55174787	732	0	0
A269010004	negative	55174788	728	0	0
A269010004	negative	55174789	726	0	0
A269010004	negative	55174790	728	0	0
A269010004	negative	55174791	722	0	0
A269010004	negative	55174792	719	0	0
A269010004	negative	55174793	713	0	0
A269010004	negative	55174794	711	0	0
A269010004	negative	55174795	698	0	0
A269010004	negative	55174796	693	0	0
A269010004	negative	55174797	692	0	0
A269010004	negative	55174798	694	0	0
A269010004	negative	55174799	690	0	0
A269010004	negative	55174800	684	0	0
A269010004	negative	55174801	679	0	0
A269010004	negative	55174802	677	0	0
A269010004	negative	55174803	676	0	0
A269010004	negative	55174804	669	0	0
A269010004	negative	55174805	662	1	0.0015
A269010004	negative	55174806	661	0	0
A269010004	negative	55174807	661	0	0
A269010004	negative	55174808	656	0	0
A269010004	negative	55174809	652	0	0
A269010004	negative	55174810	645	0	0
A269010004	negative	55174811	642	0	0
A269010004	negative	55174812	638	0	0
A269010004	negative	55174813	624	0	0
A269010004	negative	55174814	620	0	0
A269010004	negative	55174815	614	0	0
A269010004	negative	55174816	603	0	0
A269010004	negative	55174817	597	0	0
A269010004	negative	55174818	590	0	0
A269010004	negative	55174819	589	0	0
A269010004	negative	55174820	580	2	0.0034
A269010004	negative	55174821	564	0	0
A269010004	negative	55174822	563	0	0
A269010004	negative	55174823	556	0	0
A269010005	negative	55174704	374	0	0
A269010005	negative	55174705	381	0	0
A269010005	negative	55174706	384	0	0
A269010005	negative	55174707	396	0	0
A269010005	negative	55174708	397	0	0
A269010005	negative	55174709	403	0	0
A269010005	negative	55174710	411	0	0
A269010005	negative	55174711	417	0	0
A269010005	negative	55174712	426	0	0
A269010005	negative	55174713	436	0	0
A269010005	negative	55174714	449	0	0
A269010005	negative	55174715	452	0	0
A269010005	negative	55174716	463	0	0
A269010005	negative	55174717	464	0	0
A269010005	negative	55174718	475	0	0
A269010005	negative	55174719	489	0	0
A269010005	negative	55174720	488	0	0
A269010005	negative	55174721	502	0	0
A269010005	negative	55174722	509	0	0
A269010005	negative	55174723	514	0	0
A269010005	negative	55174724	515	0	0
A269010005	negative	55174725	516	0	0
A269010005	negative	55174726	517	0	0
A269010005	negative	55174727	529	1	0.0019
A269010005	negative	55174728	535	0	0
A269010005	negative	55174729	537	0	0
A269010005	negative	55174730	548	0	0
A269010005	negative	55174731	552	0	0
A269010005	negative	55174732	561	0	0
A269010005	negative	55174733	561	0	0
A269010005	negative	55174734	562	0	0
A269010005	negative	55174735	568	0	0
A269010005	negative	55174736	571	0	0
A269010005	negative	55174737	578	0	0
A269010005	negative	55174738	583	0	0
A269010005	negative	55174739	590	0	0
A269010005	negative	55174740	596	0	0
A269010005	negative	55174741	600	0	0
A269010005	negative	55174742	606	0	0
A269010005	negative	55174743	606	0	0
A269010005	negative	55174744	611	0	0
A269010005	negative	55174745	616	0	0
A269010005	negative	55174746	620	0	0
A269010005	negative	55174747	626	0	0
A269010005	negative	55174748	624	0	0
A269010005	negative	55174749	628	0	0
A269010005	negative	55174750	628	0	0
A269010005	negative	55174751	630	0	0
A269010005	negative	55174752	629	0	0
A269010005	negative	55174753	630	0	0
A269010005	negative	55174754	631	0	0
A269010005	negative	55174755	631	0	0
A269010005	negative	55174756	636	0	0
A269010005	negative	55174757	638	0	0
A269010005	negative	55174758	637	0	0
A269010005	negative	55174759	638	0	0
A269010005	negative	55174760	639	0	0
A269010005	negative	55174761	636	0	0
A269010005	negative	55174762	639	0	0
A269010005	negative	55174763	638	0	0
A269010005	negative	55174764	638	0	0
A269010005	negative	55174765	640	0	0
A269010005	negative	55174766	638	0	0
A269010005	negative	55174767	638	0	0
A269010005	negative	55174768	635	0	0
A269010005	negative	55174769	638	0	0
A269010005	negative	55174770	637	0	0
A269010005	negative	55174771	639	0	0
A269010005	negative	55174772	639	0	0
A269010005	negative	55174773	640	0	0
A269010005	negative	55174774	640	0	0
A269010005	negative	55174775	639	0	0
A269010005	negative	55174776	637	0	0
A269010005	negative	55174777	639	0	0
A269010005	negative	55174778	639	0	0
A269010005	negative	55174779	639	0	0
A269010005	negative	55174780	637	0	0
A269010005	negative	55174781	638	0	0
A269010005	negative	55174782	638	0	0
A269010005	negative	55174783	632	0	0
A269010005	negative	55174784	631	0	0
A269010005	negative	55174785	632	0	0
A269010005	negative	55174786	631	0	0
A269010005	negative	55174787	631	0	0
A269010005	negative	55174788	628	0	0
A269010005	negative	55174789	628	0	0
A269010005	negative	55174790	629	0	0
A269010005	negative	55174791	622	0	0
A269010005	negative	55174792	621	0	0
A269010005	negative	55174793	617	0	0
A269010005	negative	55174794	616	0	0
A269010005	negative	55174795	610	0	0
A269010005	negative	55174796	609	0	0
A269010005	negative	55174797	607	0	0
A269010005	negative	55174798	603	0	0
A269010005	negative	55174799	602	0	0
A269010005	negative	55174800	597	0	0
A269010005	negative	55174801	594	0	0
A269010005	negative	55174802	589	0	0
A269010005	negative	55174803	589	0	0
A269010005	negative	55174804	581	0	0
A269010005	negative	55174805	577	0	0
A269010005	negative	55174806	576	0	0
A269010005	negative	55174807	570	0	0
A269010005	negative	55174808	566	0	0
A269010005	negative	55174809	560	0	0
A269010005	negative	55174810	560	0	0
A269010005	negative	55174811	559	0	0
A269010005	negative	55174812	555	0	0
A269010005	negative	55174813	524	0	0
A269010005	negative	55174814	522	0	0
A269010005	negative	55174815	520	0	0
A269010005	negative	55174816	514	0	0
A269010005	negative	55174817	502	0	0
A269010005	negative	55174818	496	0	0
A269010005	negative	55174819	497	0	0
A269010005	negative	55174820	487	0	0
A269010005	negative	55174821	474	0	0
A269010005	negative	55174822	473	0	0
A269010005	negative	55174823	463	0	0
A269010006	negative	55174704	331	0	0
A269010006	negative	55174705	335	0	0
A269010006	negative	55174706	336	0	0
A269010006	negative	55174707	345	0	0
A269010006	negative	55174708	346	0	0
A269010006	negative	55174709	351	0	0
A269010006	negative	55174710	365	0	0
A269010006	negative	55174711	375	0	0
A269010006	negative	55174712	382	0	0
A269010006	negative	55174713	389	0	0
A269010006	negative	55174714	394	0	0
A269010006	negative	55174715	396	0	0
A269010006	negative	55174716	403	0	0
A269010006	negative	55174717	406	0	0
A269010006	negative	55174718	407	0	0
A269010006	negative	55174719	416	0	0
A269010006	negative	55174720	417	0	0
A269010006	negative	55174721	416	0	0
A269010006	negative	55174722	424	0	0
A269010006	negative	55174723	433	0	0
A269010006	negative	55174724	435	0	0
A269010006	negative	55174725	438	0	0
A269010006	negative	55174726	439	0	0
A269010006	negative	55174727	444	0	0
A269010006	negative	55174728	458	0	0
A269010006	negative	55174729	460	0	0
A269010006	negative	55174730	462	0	0
A269010006	negative	55174731	467	0	0
A269010006	negative	55174732	473	0	0
A269010006	negative	55174733	474	0	0
A269010006	negative	55174734	476	0	0
A269010006	negative	55174735	481	0	0
A269010006	negative	55174736	483	0	0
A269010006	negative	55174737	488	0	0
A269010006	negative	55174738	491	0	0
A269010006	negative	55174739	498	0	0
A269010006	negative	55174740	503	0	0
A269010006	negative	55174741	506	0	0
A269010006	negative	55174742	518	0	0
A269010006	negative	55174743	518	0	0
A269010006	negative	55174744	523	0	0
A269010006	negative	55174745	524	0	0
A269010006	negative	55174746	526	0	0
A269010006	negative	55174747	530	0	0
A269010006	negative	55174748	533	0	0
A269010006	negative	55174749	533	0	0
A269010006	negative	55174750	533	0	0
A269010006	negative	55174751	534	0	0
A269010006	negative	55174752	535	0	0
A269010006	negative	55174753	538	0	0
A269010006	negative	55174754	542	0	0
A269010006	negative	55174755	543	0	0
A269010006	negative	55174756	543	0	0
A269010006	negative	55174757	545	0	0
A269010006	negative	55174758	545	0	0
A269010006	negative	55174759	545	0	0
A269010006	negative	55174760	543	0	0
A269010006	negative	55174761	543	0	0
A269010006	negative	55174762	544	0	0
A269010006	negative	55174763	543	0	0
A269010006	negative	55174764	545	0	0
A269010006	negative	55174765	545	0	0
A269010006	negative	55174766	544	0	0
A269010006	negative	55174767	545	0	0
A269010006	negative	55174768	543	0	0
A269010006	negative	55174769	546	0	0
A269010006	negative	55174770	546	0	0
A269010006	negative	55174771	546	0	0
A269010006	negative	55174772	545	0	0
A269010006	negative	55174773	545	0	0
A269010006	negative	55174774	544	0	0
A269010006	negative	55174775	545	0	0
A269010006	negative	55174776	543	0	0
A269010006	negative	55174777	542	0	0
A269010006	negative	55174778	542	0	0
A269010006	negative	55174779	542	0	0
A269010006	negative	55174780	542	0	0
A269010006	negative	55174781	542	0	0
A269010006	negative	55174782	541	0	0
A269010006	negative	55174783	540	0	0
A269010006	negative	55174784	541	0	0
A269010006	negative	55174785	538	0	0
A269010006	negative	55174786	538	0	0
A269010006	negative	55174787	537	0	0
A269010006	negative	55174788	537	0	0
A269010006	negative	55174789	536	0	0
A269010006	negative	55174790	532	0	0
A269010006	negative	55174791	529	0	0
A269010006	negative	55174792	525	0	0
A269010006	negative	55174793	520	0	0
A269010006	negative	55174794	518	0	0
A269010006	negative	55174795	509	0	0
A269010006	negative	55174796	503	0	0
A269010006	negative	55174797	499	0	0
A269010006	negative	55174798	493	0	0
A269010006	negative	55174799	493	0	0
A269010006	negative	55174800	488	0	0
A269010006	negative	55174801	488	0	0
A269010006	negative	55174802	488	0	0
A269010006	negative	55174803	488	0	0
A269010006	negative	55174804	483	0	0
A269010006	negative	55174805	480	0	0
A269010006	negative	55174806	477	0	0
A269010006	negative	55174807	476	0	0
A269010006	negative	55174808	475	0	0
A269010006	negative	55174809	470	0	0
A269010006	negative	55174810	469	0	0
A269010006	negative	55174811	465	0	0
A269010006	negative	55174812	459	0	0
A269010006	negative	55174813	452	0	0
A269010006	negative	55174814	446	0	0
A269010006	negative	55174815	447	0	0
A269010006	negative	55174816	430	0	0
A269010006	negative	55174817	429	0	0
A269010006	negative	55174818	425	0	0
A269010006	negative	55174819	425	0	0
A269010006	negative	55174820	414	1	0.0024
A269010006	negative	55174821	407	0	0
A269010006	negative	55174822	407	0	0
A269010006	negative	55174823	400	0	0
A269010007	negative	55174704	589	0	0
A269010007	negative	55174705	595	0	0
A269010007	negative	55174706	601	0	0
A269010007	negative	55174707	617	0	0
A269010007	negative	55174708	619	0	0
A269010007	negative	55174709	626	0	0
A269010007	negative	55174710	636	0	0
A269010007	negative	55174711	643	0	0
A269010007	negative	55174712	647	0	0
A269010007	negative	55174713	656	0	0
A269010007	negative	55174714	666	0	0
A269010007	negative	55174715	672	0	0
A269010007	negative	55174716	684	0	0
A269010007	negative	55174717	686	0	0
A269010007	negative	55174718	690	0	0
A269010007	negative	55174719	711	0	0
A269010007	negative	55174720	714	0	0
A269010007	negative	55174721	718	0	0
A269010007	negative	55174722	727	0	0
A269010007	negative	55174723	738	0	0
A269010007	negative	55174724	748	0	0
A269010007	negative	55174725	753	0	0
A269010007	negative	55174726	755	0	0
A269010007	negative	55174727	763	0	0
A269010007	negative	55174728	778	0	0
A269010007	negative	55174729	785	0	0
A269010007	negative	55174730	788	0	0
A269010007	negative	55174731	799	0	0
A269010007	negative	55174732	808	0	0
A269010007	negative	55174733	809	0	0
A269010007	negative	55174734	813	0	0
A269010007	negative	55174735	815	0	0
A269010007	negative	55174736	828	0	0
A269010007	negative	55174737	843	0	0
A269010007	negative	55174738	848	0	0
A269010007	negative	55174739	863	0	0
A269010007	negative	55174740	870	0	0
A269010007	negative	55174741	876	0	0
A269010007	negative	55174742	884	0	0
A269010007	negative	55174743	883	0	0
A269010007	negative	55174744	890	0	0
A269010007	negative	55174745	894	0	0
A269010007	negative	55174746	895	0	0
A269010007	negative	55174747	899	0	0
A269010007	negative	55174748	904	0	0
A269010007	negative	55174749	910	0	0
A269010007	negative	55174750	913	0	0
A269010007	negative	55174751	915	0	0
A269010007	negative	55174752	917	0	0
A269010007	negative	55174753	919	0	0
A269010007	negative	55174754	918	0	0
A269010007	negative	55174755	920	0	0
A269010007	negative	55174756	921	0	0
A269010007	negative	55174757	925	0	0
A269010007	negative	55174758	923	0	0
A269010007	negative	55174759	926	0	0
A269010007	negative	55174760	926	0	0
A269010007	negative	55174761	923	0	0
A269010007	negative	55174762	927	0	0
A269010007	negative	55174763	926	0	0
A269010007	negative	55174764	927	0	0
A269010007	negative	55174765	927	0	0
A269010007	negative	55174766	928	0	0
A269010007	negative	55174767	927	0	0
A269010007	negative	55174768	922	0	0
A269010007	negative	55174769	925	0	0
A269010007	negative	55174770	923	0	0
A269010007	negative	55174771	925	0	0
A269010007	negative	55174772	925	0	0
A269010007	negative	55174773	925	0	0
A269010007	negative	55174774	927	0	0
A269010007	negative	55174775	926	0	0
A269010007	negative	55174776	925	0	0
A269010007	negative	55174777	927	0	0
A269010007	negative	55174778	928	0	0
A269010007	negative	55174779	927	0	0
A269010007	negative	55174780	926	0	0
A269010007	negative	55174781	927	0	0
A269010007	negative	55174782	927	0	0
A269010007	negative	55174783	927	0	0
A269010007	negative	55174784	928	0	0
A269010007	negative	55174785	926	0	0
A269010007	negative	55174786	920	0	0
A269010007	negative	55174787	924	0	0
A269010007	negative	55174788	920	0	0
A269010007	negative	55174789	918	0	0
A269010007	negative	55174790	914	0	0
A269010007	negative	55174791	911	0	0
A269010007	negative	55174792	908	0	0
A269010007	negative	55174793	901	0	0
A269010007	negative	55174794	893	0	0
A269010007	negative	55174795	888	0	0
A269010007	negative	55174796	880	0	0
A269010007	negative	55174797	878	0	0
A269010007	negative	55174798	876	0	0
A269010007	negative	55174799	873	0	0
A269010007	negative	55174800	866	0	0
A269010007	negative	55174801	857	0	0
A269010007	negative	55174802	853	0	0
A269010007	negative	55174803	854	0	0
A269010007	negative	55174804	842	0	0
A269010007	negative	55174805	833	0	0
A269010007	negative	55174806	829	0	0
A269010007	negative	55174807	824	0	0
A269010007	negative	55174808	818	0	0
A269010007	negative	55174809	814	0	0
A269010007	negative	55174810	811	0	0
A269010007	negative	55174811	807	0	0
A269010007	negative	55174812	800	0	0
A269010007	negative	55174813	788	0	0
A269010007	negative	55174814	785	0	0
A269010007	negative	55174815	776	0	0
A269010007	negative	55174816	766	0	0
A269010007	negative	55174817	757	0	0
A269010007	negative	55174818	748	0	0
A269010007	negative	55174819	744	0	0
A269010007	negative	55174820	734	0	0
A269010007	negative	55174821	719	0	0
A269010007	negative	55174822	719	0	0
A269010007	negative	55174823	702	0	0
A269010009	negative	55174704	640	0	0
A269010009	negative	55174705	652	0	0
A269010009	negative	55174706	659	0	0
A269010009	negative	55174707	677	0	0
A269010009	negative	55174708	677	0	0
A269010009	negative	55174709	680	0	0
A269010009	negative	55174710	689	0	0
A269010009	negative	55174711	693	0	0
A269010009	negative	55174712	702	0	0
A269010009	negative	55174713	717	0	0
A269010009	negative	55174714	722	0	0
A269010009	negative	55174715	724	0	0
A269010009	negative	55174716	732	0	0
A269010009	negative	55174717	733	0	0
A269010009	negative	55174718	744	0	0
A269010009	negative	55174719	778	0	0
A269010009	negative	55174720	776	0	0
A269010009	negative	55174721	802	0	0
A269010009	negative	55174722	813	0	0
A269010009	negative	55174723	830	0	0
A269010009	negative	55174724	838	0	0
A269010009	negative	55174725	840	0	0
A269010009	negative	55174726	843	0	0
A269010009	negative	55174727	852	0	0
A269010009	negative	55174728	858	0	0
A269010009	negative	55174729	869	0	0
A269010009	negative	55174730	873	0	0
A269010009	negative	55174731	879	0	0
A269010009	negative	55174732	888	0	0
A269010009	negative	55174733	888	0	0
A269010009	negative	55174734	888	0	0
A269010009	negative	55174735	890	0	0
A269010009	negative	55174736	902	0	0
A269010009	negative	55174737	916	0	0
A269010009	negative	55174738	922	0	0
A269010009	negative	55174739	935	0	0
A269010009	negative	55174740	950	0	0
A269010009	negative	55174741	955	0	0
A269010009	negative	55174742	962	0	0
A269010009	negative	55174743	961	0	0
A269010009	negative	55174744	968	0	0
A269010009	negative	55174745	975	0	0
A269010009	negative	55174746	979	0	0
A269010009	negative	55174747	989	0	0
A269010009	negative	55174748	997	0	0
A269010009	negative	55174749	1009	0	0
A269010009	negative	55174750	1010	0	0
A269010009	negative	55174751	1011	0	0
A269010009	negative	55174752	1012	0	0
A269010009	negative	55174753	1014	0	0
A269010009	negative	55174754	1017	0	0
A269010009	negative	55174755	1021	0	0
A269010009	negative	55174756	1022	0	0
A269010009	negative	55174757	1023	0	0
A269010009	negative	55174758	1021	0	0
A269010009	negative	55174759	1024	0	0
A269010009	negative	55174760	1024	0	0
A269010009	negative	55174761	1017	0	0
A269010009	negative	55174762	1028	0	0
A269010009	negative	55174763	1027	0	0
A269010009	negative	55174764	1027	0	0
A269010009	negative	55174765	1030	0	0
A269010009	negative	55174766	1031	0	0
A269010009	negative	55174767	1027	0	0
A269010009	negative	55174768	1031	0	0
A269010009	negative	55174769	1033	0	0
A269010009	negative	55174770	1032	0	0
A269010009	negative	55174771	1033	0	0
A269010009	negative	55174772	1033	0	0
A269010009	negative	55174773	1031	0	0
A269010009	negative	55174774	1032	0	0
A269010009	negative	55174775	1029	0	0
A269010009	negative	55174776	1028	0	0
A269010009	negative	55174777	1027	0	0
A269010009	negative	55174778	1027	0	0
A269010009	negative	55174779	1025	0	0
A269010009	negative	55174780	1025	0	0
A269010009	negative	55174781	1025	0	0
A269010009	negative	55174782	1026	0	0
A269010009	negative	55174783	1024	0	0
A269010009	negative	55174784	1025	0	0
A269010009	negative	55174785	1024	0	0
A269010009	negative	55174786	1021	0	0
A269010009	negative	55174787	1021	0	0
A269010009	negative	55174788	1018	0	0
A269010009	negative	55174789	1016	0	0
A269010009	negative	55174790	1013	0	0
A269010009	negative	55174791	1000	0	0
A269010009	negative	55174792	999	0	0
A269010009	negative	55174793	988	0	0
A269010009	negative	55174794	988	0	0
A269010009	negative	55174795	977	0	0
A269010009	negative	55174796	971	0	0
A269010009	negative	55174797	970	0	0
A269010009	negative	55174798	965	0	0
A269010009	negative	55174799	962	0	0
A269010009	negative	55174800	960	0	0
A269010009	negative	55174801	960	0	0
A269010009	negative	55174802	961	0	0
A269010009	negative	55174803	958	0	0
A269010009	negative	55174804	955	0	0
A269010009	negative	55174805	947	0	0
A269010009	negative	55174806	944	0	0
A269010009	negative	55174807	939	0	0
A269010009	negative	55174808	937	0	0
A269010009	negative	55174809	930	0	0
A269010009	negative	55174810	933	0	0
A269010009	negative	55174811	929	0	0
A269010009	negative	55174812	925	0	0
A269010009	negative	55174813	909	0	0
A269010009	negative	55174814	904	0	0
A269010009	negative	55174815	889	0	0
A269010009	negative	55174816	869	0	0
A269010009	negative	55174817	861	0	0
A269010009	negative	55174818	848	0	0
A269010009	negative	55174819	846	0	0
A269010009	negative	55174820	827	0	0
A269010009	negative	55174821	812	0	0
A269010009	negative	55174822	809	0	0
A269010009	negative	55174823	794	1	0.0013
A269010010	positive	55174704	501	0	0
A269010010	positive	55174705	508	0	0
A269010010	positive	55174706	510	0	0
A269010010	positive	55174707	525	0	0
A269010010	positive	55174708	527	0	0
A269010010	positive	55174709	528	0	0
A269010010	positive	55174710	535	0	0
A269010010	positive	55174711	545	0	0
A269010010	positive	55174712	548	0	0
A269010010	positive	55174713	561	0	0
A269010010	positive	55174714	568	0	0
A269010010	positive	55174715	572	0	0
A269010010	positive	55174716	576	0	0
A269010010	positive	55174717	577	0	0
A269010010	positive	55174718	592	0	0
A269010010	positive	55174719	613	0	0
A269010010	positive	55174720	612	0	0
A269010010	positive	55174721	623	0	0
A269010010	positive	55174722	631	0	0
A269010010	positive	55174723	645	0	0
A269010010	positive	55174724	651	0	0
A269010010	positive	55174725	652	0	0
A269010010	positive	55174726	655	0	0
A269010010	positive	55174727	664	0	0
A269010010	positive	55174728	664	0	0
A269010010	positive	55174729	676	0	0
A269010010	positive	55174730	678	0	0
A269010010	positive	55174731	688	0	0
A269010010	positive	55174732	694	0	0
A269010010	positive	55174733	694	0	0
A269010010	positive	55174734	696	0	0
A269010010	positive	55174735	697	0	0
A269010010	positive	55174736	709	0	0
A269010010	positive	55174737	719	0	0
A269010010	positive	55174738	725	0	0
A269010010	positive	55174739	739	0	0
A269010010	positive	55174740	743	0	0
A269010010	positive	55174741	749	0	0
A269010010	positive	55174742	756	0	0
A269010010	positive	55174743	761	0	0
A269010010	positive	55174744	761	0	0
A269010010	positive	55174745	768	0	0
A269010010	positive	55174746	775	0	0
A269010010	positive	55174747	780	0	0
A269010010	positive	55174748	782	0	0
A269010010	positive	55174749	785	0	0
A269010010	positive	55174750	787	0	0
A269010010	positive	55174751	790	0	0
A269010010	positive	55174752	788	0	0
A269010010	positive	55174753	790	0	0
A269010010	positive	55174754	791	0	0
A269010010	positive	55174755	793	0	0
A269010010	positive	55174756	798	0	0
A269010010	positive	55174757	798	0	0
A269010010	positive	55174758	797	0	0
A269010010	positive	55174759	797	0	0
A269010010	positive	55174760	798	0	0
A269010010	positive	55174761	793	0	0
A269010010	positive	55174762	799	0	0
A269010010	positive	55174763	800	0	0
A269010010	positive	55174764	798	0	0
A269010010	positive	55174765	798	0	0
A269010010	positive	55174766	798	0	0
A269010010	positive	55174767	799	0	0
A269010010	positive	55174768	797	0	0
A269010010	positive	55174769	797	0	0
A269010010	positive	55174770	796	0	0
A269010010	positive	55174771	795	0	0
A269010010	positive	55174772	795	0	0
A269010010	positive	55174773	744	0	0
A269010010	positive	55174774	745	0	0
A269010010	positive	55174775	744	0	0
A269010010	positive	55174776	745	0	0
A269010010	positive	55174777	742	0	0
A269010010	positive	55174778	745	0	0
A269010010	positive	55174779	744	0	0
A269010010	positive	55174780	746	0	0
A269010010	positive	55174781	746	0	0
A269010010	positive	55174782	743	0	0
A269010010	positive	55174783	744	0	0
A269010010	positive	55174784	743	0	0
A269010010	positive	55174785	742	0	0
A269010010	positive	55174786	773	0	0
A269010010	positive	55174787	790	0	0
A269010010	positive	55174788	791	0	0
A269010010	positive	55174789	790	0	0
A269010010	positive	55174790	792	0	0
A269010010	positive	55174791	784	0	0
A269010010	positive	55174792	783	0	0
A269010010	positive	55174793	773	0	0
A269010010	positive	55174794	771	0	0
A269010010	positive	55174795	763	0	0
A269010010	positive	55174796	755	0	0
A269010010	positive	55174797	754	0	0
A269010010	positive	55174798	755	0	0
A269010010	positive	55174799	754	0	0
A269010010	positive	55174800	755	0	0
A269010010	positive	55174801	753	0	0
A269010010	positive	55174802	751	0	0
A269010010	positive	55174803	751	0	0
A269010010	positive	55174804	743	0	0
A269010010	positive	55174805	730	0	0
A269010010	positive	55174806	724	0	0
A269010010	positive	55174807	723	0	0
A269010010	positive	55174808	720	0	0
A269010010	positive	55174809	720	0	0
A269010010	positive	55174810	722	0	0
A269010010	positive	55174811	720	0	0
A269010010	positive	55174812	718	0	0
A269010010	positive	55174813	707	0	0
A269010010	positive	55174814	704	0	0
A269010010	positive	55174815	701	0	0
A269010010	positive	55174816	686	0	0
A269010010	positive	55174817	684	0	0
A269010010	positive	55174818	671	0	0
A269010010	positive	55174819	670	0	0
A269010010	positive	55174820	656	0	0
A269010010	positive	55174821	642	0	0
A269010010	positive	55174822	643	0	0
A269010010	positive	55174823	629	0	0
A269010011	positive	55174704	497	0	0
A269010011	positive	55174705	507	0	0
A269010011	positive	55174706	508	0	0
A269010011	positive	55174707	532	0	0
A269010011	positive	55174708	535	0	0
A269010011	positive	55174709	539	0	0
A269010011	positive	55174710	545	0	0
A269010011	positive	55174711	551	0	0
A269010011	positive	55174712	568	0	0
A269010011	positive	55174713	580	0	0
A269010011	positive	55174714	588	0	0
A269010011	positive	55174715	598	0	0
A269010011	positive	55174716	603	0	0
A269010011	positive	55174717	602	0	0
A269010011	positive	55174718	613	0	0
A269010011	positive	55174719	629	0	0
A269010011	positive	55174720	627	0	0
A269010011	positive	55174721	640	0	0
A269010011	positive	55174722	650	0	0
A269010011	positive	55174723	662	0	0
A269010011	positive	55174724	668	0	0
A269010011	positive	55174725	669	0	0
A269010011	positive	55174726	670	0	0
A269010011	positive	55174727	680	0	0
A269010011	positive	55174728	683	0	0
A269010011	positive	55174729	687	0	0
A269010011	positive	55174730	695	0	0
A269010011	positive	55174731	702	0	0
A269010011	positive	55174732	708	0	0
A269010011	positive	55174733	709	0	0
A269010011	positive	55174734	708	0	0
A269010011	positive	55174735	708	0	0
A269010011	positive	55174736	717	0	0
A269010011	positive	55174737	728	0	0
A269010011	positive	55174738	734	0	0
A269010011	positive	55174739	739	0	0
A269010011	positive	55174740	745	0	0
A269010011	positive	55174741	749	0	0
A269010011	positive	55174742	762	0	0
A269010011	positive	55174743	762	0	0
A269010011	positive	55174744	767	0	0
A269010011	positive	55174745	776	0	0
A269010011	positive	55174746	776	0	0
A269010011	positive	55174747	781	0	0
A269010011	positive	55174748	782	0	0
A269010011	positive	55174749	787	0	0
A269010011	positive	55174750	789	0	0
A269010011	positive	55174751	791	0	0
A269010011	positive	55174752	792	0	0
A269010011	positive	55174753	791	0	0
A269010011	positive	55174754	793	0	0
A269010011	positive	55174755	793	0	0
A269010011	positive	55174756	795	0	0
A269010011	positive	55174757	795	0	0
A269010011	positive	55174758	793	0	0
A269010011	positive	55174759	794	0	0
A269010011	positive	55174760	795	0	0
A269010011	positive	55174761	794	0	0
A269010011	positive	55174762	797	0	0
A269010011	positive	55174763	797	0	0
A269010011	positive	55174764	793	0	0
A269010011	positive	55174765	796	0	0
A269010011	positive	55174766	797	0	0
A269010011	positive	55174767	797	0	0
A269010011	positive	55174768	795	0	0
A269010011	positive	55174769	794	0	0
A269010011	positive	55174770	793	0	0
A269010011	positive	55174771	795	0	0
A269010011	positive	55174772	795	0	0
A269010011	positive	55174773	796	0	0
A269010011	positive	55174774	796	0	0
A269010011	positive	55174775	795	0	0
A269010011	positive	55174776	786	0	0
A269010011	positive	55174777	786	10	0.0127
A269010011	positive	55174778	786	10	0.0127
A269010011	positive	55174779	785	10	0.0127
A269010011	positive	55174780	785	10	0.0127
A269010011	positive	55174781	784	10	0.0128
A269010011	positive	55174782	782	10	0.0128
A269010011	positive	55174783	782	10	0.0128
A269010011	positive	55174784	782	10	0.0128
A269010011	positive	55174785	781	10	0.0128
A269010011	positive	55174786	780	10	0.0128
A269010011	positive	55174787	779	10	0.0128
A269010011	positive	55174788	777	10	0.0129
A269010011	positive	55174789	775	10	0.0129
A269010011	positive	55174790	775	10	0.0129
A269010011	positive	55174791	768	10	0.013
A269010011	positive	55174792	770	10	0.013
A269010011	positive	55174793	762	10	0.0131
A269010011	positive	55174794	760	10	0.0132
A269010011	positive	55174795	752	0	0
A269010011	positive	55174796	766	0	0
A269010011	positive	55174797	767	0	0
A269010011	positive	55174798	767	0	0
A269010011	positive	55174799	766	0	0
A269010011	positive	55174800	763	0	0
A269010011	positive	55174801	760	0	0
A269010011	positive	55174802	757	0	0
A269010011	positive	55174803	755	0	0
A269010011	positive	55174804	744	0	0
A269010011	positive	55174805	738	0	0
A269010011	positive	55174806	737	0	0
A269010011	positive	55174807	733	0	0
A269010011	positive	55174808	729	0	0
A269010011	positive	55174809	722	0	0
A269010011	positive	55174810	722	0	0
A269010011	positive	55174811	716	0	0
A269010011	positive	55174812	712	0	0
A269010011	positive	55174813	700	0	0
A269010011	positive	55174814	695	0	0
A269010011	positive	55174815	690	0	0
A269010011	positive	55174816	674	0	0
A269010011	positive	55174817	667	0	0
A269010011	positive	55174818	655	0	0
A269010011	positive	55174819	656	0	0
A269010011	positive	55174820	641	0	0
A269010011	positive	55174821	631	0	0
A269010011	positive	55174822	631	0	0
A269010011	positive	55174823	617	0	0
