sample	gene	is_target_pos	n_seg	cn_rel_median	cn_rel_mean	cn_rel_max	cn_rel_min	cn_abs_median	cn_abs_mean	cn_abs_max	cn_abs_min	pval_min	conf
A269010002	CCND1	FALSE	5	1.08243523103193	1.08794856747876	1.13076216053953	1.05812197802014	2.16487046206386	2.17589713495751	2.26152432107905	2.11624395604028	0.0865575712414528	1.06269493813438
A269010002	CDK4	FALSE	7	1.29699622016748	1.18826520749048	1.39018505466886	0.716800591493245	2.59399244033496	2.37653041498095	2.78037010933771	1.43360118298649	0.0990395857082618	1.0041911850141
A269010002	CREBBP	FALSE	45	1.02484070450841	1.02622149844429	1.21674487473413	0.900756942394241	2.04968140901683	2.05244299688858	2.43348974946826	1.80151388478848	0.0766308660065414	1.11559626644727
A269010002	DDR2	FALSE	7	0.729661510983616	0.729814985027531	0.830920847131217	0.66830551552516	1.45932302196723	1.45962997005506	1.66184169426243	1.33661103105032	0.0829423716664512	1.08122355051376
A269010002	EGFR	FALSE	29	1.05370982317489	1.06960732173392	1.28728857256416	0.894020183783335	2.10741964634977	2.13921464346784	2.57457714512832	1.78804036756667	0.0750314943020701	1.12475640420049
A269010002	ERBB2	FALSE	27	0.958931524576069	0.971724405463462	1.2650755886754	0.84498101468509	1.91786304915214	1.94344881092692	2.5301511773508	1.68996202937018	0.0807477129030286	1.09286976977285
A269010002	FGFR3	FALSE	16	0.955079164365882	0.961685646276758	1.12342000677981	0.7751143906255	1.91015832873176	1.92337129255352	2.24684001355961	1.550228781251	0.0875126413483644	1.05792920787718
A269010002	GATA3	FALSE	7	1.15892367199458	1.15765045569808	1.23507460430974	1.06903189702136	2.31784734398917	2.31530091139615	2.47014920861947	2.13806379404271	0.0743910090573435	1.128479550378
A269010002	MDM2	FALSE	13	0.807168472872395	0.833750038452627	0.920553409451152	0.777919952463195	1.61433694574479	1.66750007690525	1.8411068189023	1.55583990492639	0.199166002392436	0.700784793590436
A269010002	MET	FALSE	19	1.22029167633623	1.26165535691415	1.51372378441832	1.10559905403963	2.44058335267245	2.5233107138283	3.02744756883664	2.21119810807926	0.0839586994259344	1.07593429753741
A269010002	NBN	FALSE	17	1.08943057783451	1.10930287938051	1.41274030722471	0.98846426813597	2.17886115566903	2.21860575876101	2.82548061444942	1.97692853627194	0.0805016985778133	1.09419495596519
A269010002	NTRK1	FALSE	8	0.830150177730518	0.823192634298734	0.877844950344613	0.752433978061962	1.66030035546104	1.64638526859747	1.75568990068923	1.50486795612392	0.119296095709702	0.923373769569211
A269010002	Other	FALSE	281	1.00888262783642	1.19535562463944	44.6245386919603	0.658893612023786	2.01776525567284	2.39071124927889	89.2490773839205	1.31778722404757	0.0741684405769041	1.12978085211892
A269010002	PTEN	FALSE	9	1.08915786451717	1.1496048578599	1.41576365666557	1.0109065833665	2.17831572903435	2.2992097157198	2.83152731333114	2.02181316673299	0.0958503030441843	1.0184065097008
A269010002	RET	FALSE	12	1.08670849167797	1.09893638330983	1.32786357561284	0.970824434095361	2.17341698335594	2.19787276661966	2.65572715122568	1.94164886819072	0.0803650117135995	1.09493298765683
A269010002	TSC2	FALSE	29	0.946441228210388	0.950270274767191	1.06658111056834	0.848654129730133	1.89288245642078	1.90054054953438	2.13316222113667	1.69730825946027	0.0756910744853908	1.12095532961857
A269010003	CCND1	FALSE	5	0.9989608457833	1.00350886212559	1.03874774620171	0.982571664436669	1.9979216915666	2.00701772425117	2.07749549240343	1.96514332887334	0.544756802206829	0.263797338149267
A269010003	CDK4	FALSE	7	0.700540950247453	0.800342632779126	1.34854879989788	0.668256947335773	1.40108190049491	1.60068526555825	2.69709759979575	1.33651389467155	0.0740687293764904	1.13036510545657
A269010003	CREBBP	FALSE	45	0.99684121216604	0.998959573339357	1.03716337963076	0.98278547121454	1.99368242433208	1.99791914667871	2.07432675926151	1.96557094242908	0.115297462414823	0.9381802509999
A269010003	DDR2	FALSE	7	1.02282336788639	1.01370456964125	1.0332947311934	0.97927808091325	2.04564673577278	2.0274091392825	2.06658946238681	1.9585561618265	0.853607052956849	0.0687420051960677
A269010003	EGFR	FALSE	29	0.995984411471088	0.996087288687774	1.02176080824693	0.973769815268869	1.99196882294218	1.99217457737555	2.04352161649386	1.94753963053774	0.218283755210164	0.660978583507984
A269010003	ERBB2	FALSE	27	1.00701993716465	1.00564986315477	1.03996790327253	0.973937021850428	2.01403987432929	2.01129972630955	2.07993580654506	1.94787404370086	0.166214839722209	0.779330204849368
A269010003	FGFR3	FALSE	16	1.00329390560945	1.00384130074089	1.05012896755646	0.949655259074459	2.00658781121889	2.00768260148178	2.10025793511293	1.89931051814892	0.410356757523959	0.386838410464928
A269010003	GATA3	FALSE	7	0.983430023683304	0.977866605663094	1.02980170723608	0.924690933227907	1.96686004736661	1.95573321132619	2.05960341447215	1.84938186645581	0.236923482923629	0.625391891583201
A269010003	MDM2	FALSE	13	1.61363746512621	1.61619490398914	1.8287218569221	1.42133739154989	3.22727493025243	3.23238980797828	3.65744371384421	2.84267478309979	0.0843142413149017	1.07409906354718
A269010003	MET	FALSE	19	0.930641738337625	0.9348599007847	0.980932598372305	0.89527365767265	1.86128347667525	1.8697198015694	1.96186519674461	1.7905473153453	0.323258349000136	0.490450249501355
A269010003	NBN	FALSE	17	0.989529964705389	0.991436153934855	1.05176021867146	0.963056504978005	1.97905992941078	1.98287230786971	2.10352043734292	1.92611300995601	0.565766130228165	0.247363055280045
A269010003	NTRK1	FALSE	8	0.93673642889979	0.937111381746927	0.965827477337097	0.902788834782636	1.87347285779958	1.87422276349385	1.93165495467419	1.80557766956527	0.49608220101852	0.304446354778189
A269010003	Other	FALSE	281	1.00373228984529	0.991684527743067	1.19446069754771	0.203046750141345	2.00746457969057	1.98336905548613	2.38892139509542	0.40609350028269	0.0736392205534125	1.13289081700593
A269010003	PTEN	FALSE	9	0.983451959944751	0.959297867763	1.00006926003773	0.767450455758565	1.9669039198895	1.918595735526	2.00013852007546	1.53490091151713	0.159470000404002	0.797321004672029
A269010003	RET	FALSE	12	0.991355561111253	0.99236119868985	1.02510906704561	0.969849084879213	1.98271112222251	1.9847223973797	2.05021813409121	1.93969816975843	0.201116006981063	0.696553362188475
A269010003	TSC2	FALSE	29	1.03231246532217	1.03684429161678	1.0814252665369	1.00618953909467	2.06462493064435	2.07368858323356	2.1628505330738	2.01237907818933	0.0752018321584068	1.12377157846962
A269010004	CCND1	FALSE	5	0.96638491726654	0.973547195811895	1.00448298807283	0.951968790662802	1.93276983453308	1.94709439162379	2.00896597614567	1.9039375813256	0.453498964909085	0.343423699860305
A269010004	CDK4	FALSE	7	1.10519895676218	1.10529237774245	1.18498330380662	1.03125683173906	2.21039791352435	2.21058475548491	2.36996660761323	2.06251366347811	0.550475794118505	0.259261773353247
A269010004	CREBBP	FALSE	45	0.993400848814781	0.992124142370918	1.03801463512046	0.938578404158254	1.98680169762956	1.98424828474184	2.07602927024093	1.87715680831651	0.137640559391478	0.861253571010869
A269010004	DDR2	FALSE	7	1.0550701060819	1.05447441248095	1.09205400816024	1.01976751042896	2.11014021216381	2.10894882496191	2.18410801632047	2.03953502085793	0.768568744126609	0.114317281242153
A269010004	EGFR	FALSE	29	0.981820487578874	0.981689791070641	1.02597191775888	0.938323096211848	1.96364097515775	1.96337958214128	2.05194383551776	1.8766461924237	0.152186657493973	0.81762342135484
A269010004	ERBB2	FALSE	27	0.996133996778125	0.999819818418703	1.05182586097778	0.944920290944564	1.99226799355625	1.99963963683741	2.10365172195555	1.88984058188913	0.274591467517898	0.561312961882461
A269010004	FGFR3	FALSE	16	1.04255985556996	1.05115716580651	1.17941258838755	0.983746904895997	2.08511971113991	2.10231433161301	2.35882517677509	1.96749380979199	0.086072227336492	1.06513695842121
A269010004	GATA3	FALSE	7	0.973088238529801	0.977674628491978	1.03157545403426	0.932066090968097	1.9461764770596	1.95534925698396	2.06315090806851	1.86413218193619	0.511410328054455	0.291230505539707
A269010004	MDM2	FALSE	13	0.884807071617458	0.88705275974254	1.02546556146899	0.7699639767858	1.76961414323492	1.77410551948508	2.05093112293798	1.5399279535716	0.281646148877361	0.550296182766091
A269010004	MET	FALSE	19	1.00801202660588	0.991513872655762	1.04292310113464	0.896627939867957	2.01602405321175	1.98302774531152	2.08584620226927	1.79325587973591	0.478835206438787	0.31981392551713
A269010004	NBN	FALSE	17	0.984549915677457	0.978916090208271	1.01898093300392	0.87814842229748	1.96909983135491	1.95783218041654	2.03796186600785	1.75629684459496	0.243783508006422	0.612995677815543
A269010004	NTRK1	FALSE	8	0.984404165435479	0.997211868121861	1.0647848019971	0.961838242655457	1.96880833087096	1.99442373624372	2.1295696039942	1.92367648531091	0.761826450707569	0.118143952655756
A269010004	Other	FALSE	281	1.00384475543544	1.16899432835242	38.7814939504471	0.859824985199926	2.00768951087089	2.33798865670484	77.5629879008942	1.71964997039985	0.0941733622416937	1.0260719238253
A269010004	PTEN	FALSE	9	0.980531806440478	0.988952982297151	1.06926281451757	0.942965922916979	1.96106361288096	1.9779059645943	2.13852562903513	1.88593184583396	0.229116026932803	0.639944530343434
A269010004	RET	FALSE	12	0.983111268617719	0.983228626975648	1.04269418892127	0.930336260948704	1.96622253723544	1.9664572539513	2.08538837784254	1.86067252189741	0.11342736581369	0.945282153661101
A269010004	TSC2	FALSE	29	1.00287941904681	1.01026296420347	1.05264111142116	0.957790150966231	2.00575883809363	2.02052592840694	2.10528222284231	1.91558030193246	0.375959800613095	0.424858589394789
A269010005	CCND1	TRUE	5	1.01623459022875	0.994614639065352	1.0629213796331	0.878914947683773	2.03246918045749	1.9892292781307	2.1258427592662	1.75782989536755	2.32763640614853e-05	4.63308485870248
A269010005	CDK4	TRUE	7	1.03738931886411	0.984499510006379	1.10945405134556	0.749243197603844	2.07477863772822	1.96899902001276	2.21890810269112	1.49848639520769	0.162317703480543	0.789634110459576
A269010005	CREBBP	TRUE	45	0.863343145511539	0.861781564205167	0.996250193847657	0.697875859704223	1.72668629102308	1.72356312841033	1.99250038769531	1.39575171940845	1e-100	100
A269010005	DDR2	TRUE	7	1.02188297540333	1.02171133838624	1.10046593961532	0.968574632949069	2.04376595080666	2.04342267677249	2.20093187923065	1.93714926589814	0.736041309174368	0.133097810875771
A269010005	EGFR	TRUE	29	0.878694312288256	0.868219422271505	0.95120157607116	0.780638314936509	1.75738862457651	1.73643884454301	1.90240315214232	1.56127662987302	2.56392691787887e-34	33.5910943580979
A269010005	ERBB2	TRUE	27	1.39495930257398	1.39075368503171	1.7141494190105	1.18896177392013	2.78991860514796	2.78150737006343	3.428298838021	2.37792354784027	1e-100	100
A269010005	FGFR3	TRUE	16	0.900807090535378	0.91385332745535	1.0337165682424	0.835843653909189	1.80161418107076	1.8277066549107	2.0674331364848	1.67168730781838	2.82365315968644e-07	6.5491886504266
A269010005	GATA3	TRUE	7	0.892273744849609	0.89784200628347	0.984158957631325	0.800958817774029	1.78454748969922	1.79568401256694	1.96831791526265	1.60191763554806	3.80246066146799e-05	4.4199352702653
A269010005	MDM2	TRUE	13	1.02098483831834	1.01869094777595	1.12890817075687	0.850717957308294	2.04196967663668	2.0373818955519	2.25781634151375	1.70143591461659	0.372017449277498	0.429436689292286
A269010005	MET	TRUE	19	1.08743986893835	1.06663773679747	1.24052345383349	0.751823927962279	2.1748797378767	2.13327547359493	2.48104690766698	1.50364785592456	0.00188500009034548	2.72468862464305
A269010005	NBN	TRUE	17	2.33397537675626	2.32994343644933	2.78646801567731	1.93865322118986	4.66795075351251	4.65988687289865	5.57293603135463	3.87730644237971	1e-100	100
A269010005	NTRK1	TRUE	8	0.706659478651744	0.705007010616496	0.737116083987909	0.673336902805026	1.41331895730349	1.41001402123299	1.47423216797582	1.34667380561005	0.000340075961089518	3.46842406590659
A269010005	Other	TRUE	281	1.12793968362108	1.16270922361038	22.0482558314315	0.347258525245743	2.25587936724217	2.32541844722076	44.096511662863	0.694517050491486	1e-100	100
A269010005	PTEN	TRUE	9	1.14582039900463	1.11599845400312	1.48717105535151	0.674286671954688	2.29164079800927	2.23199690800625	2.97434211070302	1.34857334390938	4.29697831395359e-17	16.3668368381136
A269010005	RET	TRUE	12	0.828637993262055	0.810063703935191	0.899980342959108	0.61732279154911	1.65727598652411	1.62012740787038	1.79996068591822	1.23464558309822	1e-100	100
A269010005	TSC2	TRUE	29	0.787038829319975	0.797763548189882	0.999112170281387	0.603967448786874	1.57407765863995	1.59552709637976	1.99822434056277	1.20793489757375	1e-100	100
A269010006	CCND1	TRUE	5	1.02023703703232	1.01221656113241	1.12053080646883	0.823438285598221	2.04047407406463	2.02443312226482	2.24106161293767	1.64687657119644	0.000499000812943767	3.30189874684814
A269010006	CDK4	TRUE	7	1.27829813007862	1.3232716847829	1.68094612830859	1.07836184011667	2.55659626015725	2.6465433695658	3.36189225661719	2.15672368023334	0.147719805651088	0.830561272404187
A269010006	CREBBP	TRUE	45	0.970661655410315	0.990530314697492	1.29093609928346	0.839704946102076	1.94132331082063	1.98106062939498	2.58187219856692	1.67940989220415	1.34034007210708e-77	76.8727849981264
A269010006	DDR2	TRUE	7	1.19001986446782	1.20881563397359	1.3290083956613	1.10969462811702	2.38003972893564	2.41763126794719	2.65801679132261	2.21938925623403	0.298841573255104	0.524558985908287
A269010006	EGFR	TRUE	29	0.88273643315964	0.896951023335521	1.09532330353064	0.572335313146306	1.76547286631928	1.79390204667104	2.19064660706128	1.14467062629261	1e-100	100
A269010006	ERBB2	TRUE	27	1.07603001544322	1.06942281040536	1.34303305922705	0.820033718863664	2.15206003088644	2.13884562081072	2.6860661184541	1.64006743772733	8.34269883891079e-59	58.0786934336258
A269010006	FGFR3	TRUE	16	0.960228892735157	0.969592898950462	1.24977874915734	0.867898348447053	1.92045778547031	1.93918579790092	2.49955749831467	1.73579669689411	9.59041197533254e-08	7.01816273644032
A269010006	GATA3	TRUE	7	1.16546096240347	1.13207526534313	1.23549304628906	0.848940080864428	2.33092192480693	2.26415053068625	2.47098609257813	1.69788016172886	7.02025535812761e-05	4.15364709034758
A269010006	MDM2	TRUE	13	0.792652460794422	0.816458254798366	1.26495419748261	0.690929969142437	1.58530492158884	1.63291650959673	2.52990839496521	1.38185993828487	0.0442384796232226	1.3541998071688
A269010006	MET	TRUE	19	0.934209955244245	0.929869412286494	1.04535593805372	0.774944213039174	1.86841991048849	1.85973882457299	2.09071187610745	1.54988842607835	0.0062537306894949	2.20386082513732
A269010006	NBN	TRUE	17	0.987594712573802	1.05900712201368	1.83871477383397	0.90410834772871	1.9751894251476	2.11801424402737	3.67742954766794	1.80821669545742	1.20099389524106e-15	14.920459200149
A269010006	NTRK1	TRUE	8	1.03625651754332	1.02755659536958	1.15414151059586	0.835993215508338	2.07251303508664	2.05511319073916	2.30828302119172	1.67198643101668	0.307621609560028	0.511983159823023
A269010006	Other	TRUE	281	1.00176874788654	1.02644404910991	2.76416378668426	0.624746735710729	2.00353749577309	2.05288809821982	5.52832757336852	1.24949347142146	3.75426021822595e-80	79.425475628512
A269010006	PTEN	TRUE	9	0.990785437732086	1.01422974724003	1.25147575920654	0.918728456878863	1.98157087546417	2.02845949448005	2.50295151841307	1.83745691375773	0.000364764345641104	3.43798761894032
A269010006	RET	TRUE	12	1.14121014690646	1.18049780364379	1.44956691621394	0.896435921833085	2.28242029381291	2.36099560728759	2.89913383242789	1.79287184366617	4.45793758301217e-24	23.350866016507
A269010006	TSC2	TRUE	29	0.836195422103284	0.834637803145927	0.977205903416099	0.701580136013132	1.67239084420657	1.66927560629185	1.9544118068322	1.40316027202626	3.16376422416371e-48	47.4997958892578
A269010007	CCND1	TRUE	5	1.03759728298062	1.0502166747998	1.10699107884055	1.0166118092873	2.07519456596123	2.10043334959959	2.21398215768111	2.0332236185746	0.00299557233963024	2.52352018823423
A269010007	CDK4	TRUE	7	4.44515710354615	4.83643659524052	6.09538474128174	4.03832680147127	8.8903142070923	9.67287319048104	12.1907694825635	8.07665360294254	1.21931587402244e-12	11.9138837721714
A269010007	CREBBP	TRUE	45	1.12120852786063	1.12921296880439	1.42205978348456	0.944279353920284	2.24241705572127	2.25842593760878	2.84411956696911	1.88855870784057	1.11085461743117e-55	54.9543427754235
A269010007	DDR2	TRUE	7	1.09287967848194	1.09953895240496	1.23498886824853	1.02782924690398	2.18575935696389	2.19907790480991	2.46997773649707	2.05565849380797	0.512906913139036	0.289961447321646
A269010007	EGFR	TRUE	29	1.10109401744059	1.06702382892292	1.22282013731976	0.886965011367626	2.20218803488118	2.13404765784585	2.44564027463953	1.77393002273525	1.96610175810686e-44	43.7063940084568
A269010007	ERBB2	TRUE	27	1.2359572440282	1.21601103715251	1.39155824641038	1.07357865844738	2.47191448805639	2.43202207430502	2.78311649282077	2.14715731689476	4.78529031442284e-53	52.3200917092712
A269010007	FGFR3	TRUE	16	1.01343830312311	1.04138000209142	1.41616098610185	0.91211824235901	2.02687660624622	2.08276000418285	2.8323219722037	1.82423648471802	0.00553806219382658	2.25664217132717
A269010007	GATA3	TRUE	7	1.18040334956724	1.1735879194094	1.38764120833039	1.01727609841159	2.36080669913449	2.3471758388188	2.77528241666078	2.03455219682318	2.44383550413857e-09	8.61192803003717
A269010007	MDM2	TRUE	13	0.2009908602265	0.206830446557149	0.268989056837024	0.185257783523124	0.401981720453	0.413660893114299	0.537978113674047	0.370515567046247	3.80486546139739e-77	76.4196606951104
A269010007	MET	TRUE	19	0.981824929467732	0.998110171859685	1.08565820130589	0.906681757478142	1.96364985893546	1.99622034371937	2.17131640261177	1.81336351495628	0.47637689177672	0.322049313556309
A269010007	NBN	TRUE	17	0.851747114669085	0.906360595033444	1.56222326232286	0.772125141731611	1.70349422933817	1.81272119006689	3.12444652464573	1.54425028346322	1.0016236537357e-35	34.9992954279779
A269010007	NTRK1	TRUE	8	1.09958867140959	1.11064283984253	1.24568020968096	1.02280057729411	2.19917734281918	2.22128567968505	2.49136041936191	2.04560115458822	0.233943937452376	0.63088820486417
A269010007	Other	TRUE	281	0.908033080658682	1.34918750342264	121.481433674386	0.275132312269714	1.81606616131736	2.69837500684529	242.962867348772	0.550264624539427	1e-100	100
A269010007	PTEN	TRUE	9	0.858559058046813	0.81278968612285	0.966341652031224	0.293950637037976	1.71711811609363	1.6255793722457	1.93268330406245	0.587901274075953	7.01664769609124e-29	28.1538703287276
A269010007	RET	TRUE	12	0.943031488246134	0.937573659130967	1.11954602345726	0.808587674809797	1.88606297649227	1.87514731826193	2.23909204691451	1.61717534961959	3.20054276160228e-42	41.4947763659361
A269010007	TSC2	TRUE	29	1.09427178149415	1.11398024133568	1.35824446896427	0.911432195974926	2.1885435629883	2.22796048267137	2.71648893792854	1.82286439194985	1.09101409739202e-10	9.96216963769763
A269010009	CCND1	TRUE	5	0.941272021974269	0.899055211660027	0.986694766012912	0.718872201224113	1.88254404394854	1.79811042332005	1.97338953202582	1.43774440244823	3.53380645776234e-17	16.4517572399531
A269010009	CDK4	TRUE	7	1.38162440975495	1.34383327277928	1.43043165092917	1.09468133542793	2.76324881950991	2.68766654555855	2.86086330185834	2.18936267085585	0.00474658218486838	2.32361899511798
A269010009	CREBBP	TRUE	45	1.64803101625927	1.66714065377283	2.0410175343495	1.32597542563315	3.29606203251854	3.33428130754566	4.082035068699	2.6519508512663	1e-100	100
A269010009	DDR2	TRUE	7	0.870646608712119	0.873482461117613	0.974326103519348	0.696200802058554	1.74129321742424	1.74696492223523	1.9486522070387	1.39240160411711	0.000379771758810654	3.42047733409273
A269010009	EGFR	TRUE	29	1.11725333375362	1.17573683139976	1.67541631848582	0.935655997461388	2.23450666750724	2.35147366279953	3.35083263697165	1.87131199492278	1e-100	100
A269010009	ERBB2	TRUE	27	0.885259219372351	0.847367130575313	1.02494512486037	0.567627897585733	1.7705184387447	1.69473426115063	2.04989024972075	1.13525579517147	1e-100	100
A269010009	FGFR3	TRUE	16	1.18661172735714	1.20475232872728	1.42159681696912	1.04510520585803	2.37322345471429	2.40950465745457	2.84319363393825	2.09021041171606	1.94345852409697e-17	16.7114247233363
A269010009	GATA3	TRUE	7	1.17769925483002	1.14828846933931	1.35925292918274	1.02657999731601	2.35539850966003	2.29657693867861	2.71850585836547	2.05315999463201	3.17816777224451e-07	6.49782318055948
A269010009	MDM2	TRUE	13	0.799792144425579	0.802752161287856	0.944785998116667	0.730260454919994	1.59958428885116	1.60550432257571	1.88957199623333	1.46052090983999	0.0847091042533902	1.07206991063123
A269010009	MET	TRUE	19	1.01768623261617	1.06937245627955	1.51352871898702	0.810594404820567	2.03537246523235	2.1387449125591	3.02705743797404	1.62118880964113	0.00148457437975178	2.82839803861591
A269010009	NBN	TRUE	17	0.835855004409874	0.857207530939362	1.09812633205135	0.712921450108259	1.67171000881975	1.71441506187872	2.1962526641027	1.42584290021652	7.3449617253542e-86	85.1340104629793
A269010009	NTRK1	TRUE	8	1.02108583437642	1.03226872829121	1.08147065150491	1.00107864721071	2.04217166875283	2.06453745658242	2.16294130300983	2.00215729442142	0.649370288551641	0.187507586072294
A269010009	Other	TRUE	281	0.758695866699679	1.3602008539348	149.440676350391	0.378630577313008	1.51739173339936	2.7204017078696	298.881352700781	0.757261154626017	1e-100	100
A269010009	PTEN	TRUE	9	0.701499241863931	0.700807403420828	0.775951528233416	0.634526035438099	1.40299848372786	1.40161480684166	1.55190305646683	1.2690520708762	8.40676207369652e-84	83.0753712437144
A269010009	RET	TRUE	12	1.14829590889156	1.15213408283194	1.34982999422463	0.922968615048597	2.29659181778312	2.30426816566389	2.69965998844926	1.84593723009719	2.10673031170312e-56	55.6763910560557
A269010009	TSC2	TRUE	29	1.6500682358673	1.66977044320593	2.18468928168357	1.48881819224801	3.30013647173461	3.33954088641186	4.36937856336715	2.97763638449602	1e-100	100
A269010010	CCND1	FALSE	5	0.961511090250971	0.962880138520811	0.976439083036096	0.951853187487223	1.92302218050194	1.92576027704162	1.95287816607219	1.90370637497445	0.361603285487078	0.441767632227576
A269010010	CDK4	FALSE	7	1.05979177545185	1.06912518753671	1.14347349588887	1.01547527871354	2.11958355090369	2.13825037507343	2.28694699177773	2.03095055742708	0.59427770115285	0.226010565296153
A269010010	CREBBP	FALSE	45	0.994503703844693	0.997725645848264	1.04185262029406	0.941858079912969	1.98900740768939	1.99545129169653	2.08370524058812	1.88371615982594	0.215786082329816	0.665976569672946
A269010010	DDR2	FALSE	7	1.15143869950481	1.1691697658125	1.27583171577838	1.08813479319507	2.30287739900961	2.33833953162499	2.55166343155675	2.17626958639015	0.450438669437739	0.346364333071137
A269010010	EGFR	FALSE	29	0.996140668943651	0.996455218928653	1.08346245876383	0.929844627183997	1.9922813378873	1.99291043785731	2.16692491752767	1.85968925436799	0.203183158856992	0.692112292050448
A269010010	ERBB2	FALSE	27	1.03198022100444	1.02973785492535	1.10829018168471	0.941057980104243	2.06396044200888	2.05947570985069	2.21658036336941	1.88211596020849	0.144128474101767	0.841250211249418
A269010010	FGFR3	FALSE	16	1.02410116733975	1.02165357938826	1.08523062589535	0.990812599594487	2.04820233467949	2.04330715877653	2.1704612517907	1.98162519918897	0.434771116593653	0.361739315369217
A269010010	GATA3	FALSE	7	0.956865406739828	0.960928900739721	0.976978936508051	0.947217082596485	1.91373081347966	1.92185780147944	1.9539578730161	1.89443416519297	0.54857120142129	0.260766995477587
A269010010	MDM2	FALSE	13	0.980308156750972	0.970835520829927	1.06036020381432	0.90647317385804	1.96061631350194	1.94167104165985	2.12072040762863	1.81294634771608	0.622133827841837	0.206116183731069
A269010010	MET	FALSE	19	1.01142718498239	1.01471367700395	1.19081643557504	0.961583077961831	2.02285436996477	2.0294273540079	2.38163287115009	1.92316615592366	0.47698568779676	0.321494651995825
A269010010	NBN	FALSE	17	0.993849958244732	0.996800105599168	1.08062451531642	0.958759214148484	1.98769991648946	1.99360021119834	2.16124903063283	1.91751842829697	0.0847253275113126	1.07198674369352
A269010010	NTRK1	FALSE	8	1.2166875482327	1.21345869865043	1.24937065618161	1.16903235864299	2.4333750964654	2.42691739730087	2.49874131236321	2.33806471728599	0.186098933507026	0.730256115710398
A269010010	Other	FALSE	281	0.992508057484913	1.23191687785102	65.2899241382225	0.764594964629819	1.98501611496983	2.46383375570205	130.579848276445	1.52918992925964	0.113477950023806	0.945088518323758
A269010010	PTEN	FALSE	9	1.00246659638037	1.00781273149946	1.02530405184018	0.994846305945247	2.00493319276074	2.01562546299892	2.05060810368035	1.98969261189049	0.17929817158181	0.746424139193976
A269010010	RET	FALSE	12	0.984545716753237	0.976111473680119	1.01686265428049	0.924313400030099	1.96909143350647	1.95222294736024	2.03372530856098	1.8486268000602	0.272953620604407	0.563911140602986
A269010010	TSC2	FALSE	29	1.02635583715029	1.02598997843897	1.06801507646332	0.986974904931789	2.05271167430058	2.05197995687794	2.13603015292664	1.97394980986358	0.210539154102118	0.676667126292754
A269010011	CCND1	FALSE	5	0.982776395368689	0.983182215836288	0.999697099460919	0.963243803958208	1.96555279073738	1.96636443167258	1.99939419892184	1.92648760791642	0.535560699576743	0.271191299813839
A269010011	CDK4	FALSE	7	1.0545807404365	1.05283401552501	1.11908844763831	0.958722806703451	2.10916148087301	2.10566803105002	2.23817689527662	1.9174456134069	0.682018622529614	0.166203766763708
A269010011	CREBBP	FALSE	45	0.990797239248326	0.991317907771936	1.04108016905419	0.925867960306134	1.98159447849665	1.98263581554387	2.08216033810838	1.85173592061227	0.117440804243605	0.930180983336012
A269010011	DDR2	FALSE	7	1.20368661271519	1.21064413327861	1.30567047831811	1.12262059410744	2.40737322543038	2.42128826655722	2.61134095663623	2.24524118821487	0.373712496220609	0.427462379942925
A269010011	EGFR	FALSE	29	0.970760569593345	0.975590743304111	1.06025802600744	0.881555167774852	1.94152113918669	1.95118148660822	2.12051605201488	1.7631103355497	0.102086942133743	0.99102980465089
A269010011	ERBB2	FALSE	27	1.00913667331615	1.00604280370434	1.05973599702107	0.92539963610637	2.0182733466323	2.01208560740869	2.11947199404214	1.85079927221274	0.360130056702316	0.44354063059978
A269010011	FGFR3	FALSE	16	0.9714213957755	0.975064632108018	1.01187841439544	0.95049611648794	1.942842791551	1.95012926421604	2.02375682879087	1.90099223297588	0.0853277053869857	1.06890993315758
A269010011	GATA3	FALSE	7	0.950369103064906	0.957077098161713	0.99120812564332	0.923732777921079	1.90073820612981	1.91415419632343	1.98241625128664	1.84746555584216	0.456971581707882	0.340110807131911
A269010011	MDM2	FALSE	13	0.991062073809863	0.992728154808682	1.09816891675467	0.942237858667422	1.98212414761973	1.98545630961736	2.19633783350934	1.88447571733484	0.724401561394553	0.140020622266997
A269010011	MET	FALSE	19	0.886134141358926	0.883775557415651	0.955486637592648	0.755299551238214	1.77226828271785	1.7675511148313	1.9109732751853	1.51059910247643	0.150478748936024	0.822524828119825
A269010011	NBN	FALSE	17	0.966445203602973	0.952534119566921	1.02161962907045	0.795175714695251	1.93289040720595	1.90506823913384	2.04323925814089	1.5903514293905	0.192977114299918	0.714494192145551
A269010011	NTRK1	FALSE	8	1.12626490709084	1.12833128765091	1.16894240491214	1.0928711733256	2.25252981418168	2.25666257530182	2.33788480982429	2.18574234665119	0.407022988695454	0.390381061090181
A269010011	Other	FALSE	281	0.998332619585411	1.30226539038144	86.8444546897616	0.764905584756676	1.99666523917082	2.60453078076288	173.688909379523	1.52981116951335	0.0973578536205719	1.01162900925434
A269010011	PTEN	FALSE	9	0.945647716074379	0.93957233879036	0.988568182627531	0.849646185308315	1.89129543214876	1.87914467758072	1.97713636525506	1.69929237061663	0.158506282016654	0.799953520884062
A269010011	RET	FALSE	12	0.968394576318304	0.970434340546862	1.01041807267586	0.924879140142346	1.93678915263661	1.94086868109372	2.02083614535171	1.84975828028469	0.303696145045988	0.517560720745156
A269010011	TSC2	FALSE	29	0.988412905328456	0.986600412819892	1.04180881913944	0.931125828219075	1.97682581065691	1.97320082563978	2.08361763827888	1.86225165643815	0.108840918040005	0.963207803735105
