sample	gene	is_MET_pos	n_seg	cn_rel_median	cn_rel_mean	cn_rel_max	cn_rel_min	cn_abs_median	cn_abs_mean	cn_abs_max	cn_abs_min	pval_min	conf
A269010002	CCND1	TRUE	5	1.03310598458964	1.04912042984903	1.12327458402198	1.01357916460651	2.06621196917929	2.09824085969807	2.24654916804395	2.02715832921302	0.0603303873280331	1.21946388645407
A269010002	CDK4	TRUE	7	0.865573925073139	0.858035487814326	1.04619209956722	0.73007500125768	1.73114785014628	1.71607097562865	2.09238419913445	1.46015000251536	0.251359645857568	0.599704444184323
A269010002	CREBBP	TRUE	29	0.874842889997755	0.924267336538947	1.38881762748165	0.724549680319186	1.74968577999551	1.84853467307789	2.77763525496329	1.44909936063837	9.80406536057823e-13	12.0085938021075
A269010002	DDR2	TRUE	7	0.701101162103088	0.716429028326452	0.823510157912966	0.650687891497675	1.40220232420618	1.4328580566529	1.64702031582593	1.30137578299535	2.04133581276906e-15	14.6900855451928
A269010002	EGFR	TRUE	29	1.14023051211088	1.16492189200006	1.49645554189629	0.876475346785857	2.28046102422176	2.32984378400012	2.99291108379257	1.75295069357171	6.59356269534459e-80	79.1808798599373
A269010002	ERBB2	TRUE	21	0.740419966976855	0.776372124960376	1.03612392245364	0.571532870045811	1.48083993395371	1.55274424992075	2.07224784490728	1.14306574009162	7.0846457261792e-20	19.1496818621437
A269010002	FGFR3	TRUE	16	1.06713680179349	1.06085935831265	1.24663023794432	0.773738490445966	2.13427360358698	2.12171871662529	2.49326047588864	1.54747698089193	0.00247478261889377	2.6064629428157
A269010002	GATA3	TRUE	7	1.0093677979443	0.999693355553681	1.1111775463189	0.880926818325612	2.0187355958886	1.99938671110736	2.2223550926378	1.76185363665122	0.0681642806062852	1.16644314439577
A269010002	MDM2	TRUE	13	0.911274883227897	0.919472561818175	1.0317701346728	0.800461576977428	1.82254976645579	1.83894512363635	2.06354026934559	1.60092315395486	7.11535948086633e-16	15.1478031536805
A269010002	MET	TRUE	25	1.61176455492095	1.66357259319739	2.13024367035564	1.37406442272966	3.22352910984191	3.32714518639478	4.26048734071127	2.74812884545932	1e-100	100
A269010002	NBN	TRUE	17	1.03493176708449	1.00711305398951	1.15173495809449	0.581204764249126	2.06986353416898	2.01422610797902	2.30346991618899	1.16240952849825	0.00280646604312132	2.55184020816523
A269010002	NTRK1	TRUE	8	0.777119025897219	0.779092162415011	0.821569047172797	0.71683759055972	1.55423805179444	1.55818432483002	1.64313809434559	1.43367518111944	0.000452730237607461	3.34416049824273
A269010002	Other	TRUE	282	1.01891969451887	1.06358823537719	2.26839686252647	0.401885157006687	2.03783938903773	2.12717647075437	4.53679372505294	0.803770314013374	1e-100	100
A269010002	PTEN	TRUE	9	1.10650608550976	1.20669679393562	1.71026962977422	1.00759305852611	2.21301217101951	2.41339358787125	3.42053925954844	2.01518611705223	4.16949759937129e-06	5.37991627187649
A269010002	RET	TRUE	12	1.03715154791788	1.07443114259778	1.3377847919102	0.984751287817576	2.07430309583576	2.14886228519556	2.67556958382039	1.96950257563515	0.0143083917261587	1.84440917851885
A269010002	TSC2	TRUE	4	1.10245362412705	1.11079230323989	1.21726880838045	1.02099315632501	2.20490724825411	2.22158460647978	2.4345376167609	2.04198631265003	0.00223996802867674	2.64975818035707
A269010003	CCND1	TRUE	5	0.923319917805159	0.909677276462678	0.974750834958864	0.814058286725326	1.84663983561032	1.81935455292536	1.94950166991773	1.62811657345065	0.00584863588650936	2.23294541529286
A269010003	CDK4	TRUE	7	1.76901447281156	1.79153012745326	2.01610455916664	1.67871187235071	3.53802894562311	3.58306025490653	4.03220911833327	3.35742374470141	0.0820219607442369	1.08606985306579
A269010003	CREBBP	TRUE	29	0.913485134396678	0.937418970000644	1.20528869391345	0.846791908172547	1.82697026879336	1.87483794000129	2.41057738782691	1.69358381634509	0.000112272807346616	3.94972541782004
A269010003	DDR2	TRUE	7	0.872021342035084	0.881848159213964	0.934197352102703	0.832127229860593	1.74404268407017	1.76369631842793	1.86839470420541	1.66425445972119	0.00659388919831299	2.18085835488252
A269010003	EGFR	TRUE	29	0.982307708765467	1.01459006437687	1.24349127611321	0.873540624961163	1.96461541753093	2.02918012875374	2.48698255222641	1.74708124992233	1.05231567201743e-16	15.9778539616552
A269010003	ERBB2	TRUE	21	0.87360757631028	0.840011098900728	0.981669793108851	0.539360219636176	1.74721515262056	1.68002219780146	1.9633395862177	1.07872043927235	2.34318825335925e-08	7.63019281848336
A269010003	FGFR3	TRUE	16	0.98009418356372	0.973011406244988	1.11542234382317	0.796401801508739	1.96018836712744	1.94602281248998	2.23084468764634	1.59280360301748	0.000204717672654374	3.6888446643967
A269010003	GATA3	TRUE	7	0.835974850275168	0.838684049225883	0.91850238161306	0.762573451552825	1.67194970055034	1.67736809845177	1.83700476322612	1.52514690310565	3.27699349583497e-05	4.48452442060291
A269010003	MDM2	TRUE	13	3.0419994024603	3.13436752220821	3.43384182828625	2.81133017604032	6.08399880492061	6.26873504441643	6.8676836565725	5.62266035208063	1e-100	100
A269010003	MET	TRUE	25	1.04544635098099	1.0690591006625	1.34161444617713	0.874990871829581	2.09089270196197	2.138118201325	2.68322889235425	1.74998174365916	8.58895882460525e-20	19.0660594792578
A269010003	NBN	TRUE	17	1.06355400692693	1.0320988110729	1.16208662880844	0.594144836300606	2.12710801385385	2.0641976221458	2.32417325761688	1.18828967260121	0.0046145404667258	2.33587154116071
A269010003	NTRK1	TRUE	8	0.934428116930785	0.940485739450848	1.00017308276642	0.902817827842817	1.86885623386157	1.8809714789017	2.00034616553284	1.80563565568563	0.295889597910819	0.52887030232615
A269010003	Other	TRUE	284	0.997883242429076	1.34292732127554	67.5264880999941	0.0127685424882994	1.99576648485815	2.68585464255108	135.052976199988	0.0255370849765988	1e-100	100
A269010003	PTEN	TRUE	9	0.897944726491587	0.957979215206669	1.44941739211011	0.655635560080432	1.79588945298317	1.91595843041334	2.89883478422021	1.31127112016086	1.69048703851069e-06	5.77198815475616
A269010003	RET	TRUE	12	0.967698147344576	0.975378564316946	1.09824179787254	0.857093823447832	1.93539629468915	1.95075712863389	2.19648359574509	1.71418764689566	0.00189277657197239	2.72290064820541
A269010003	TSC2	TRUE	4	1.16486024672533	1.15661717526691	1.2076888560528	1.08905935156419	2.32972049345066	2.31323435053382	2.41537771210559	2.17811870312837	0.00333787020136821	2.47653055559133
A269010004	CCND1	TRUE	5	1.0848575343699	1.07413490922455	1.11798305921078	1.02084345681426	2.16971506873979	2.1482698184491	2.23596611842156	2.04168691362852	0.0708790362055188	1.14948219650293
A269010004	CDK4	TRUE	7	0.724558920262939	0.734445365076753	0.786312543747454	0.696420767484028	1.44911784052588	1.46889073015351	1.57262508749491	1.39284153496806	0.12802021445911	0.892721449610701
A269010004	CREBBP	TRUE	29	0.993264517429079	0.985610285439911	1.07789618551501	0.809180251761623	1.98652903485816	1.97122057087982	2.15579237103001	1.61836050352325	0.0408506396041389	1.3888011392693
A269010004	DDR2	TRUE	7	0.829498345669852	0.815520186445894	0.867223808741697	0.764560788734169	1.6589966913397	1.63104037289179	1.73444761748339	1.52912157746834	4.33858765618887e-07	6.3626516237015
A269010004	EGFR	TRUE	29	0.904801826891078	0.913044830882791	1.0547344344918	0.805536340073244	1.80960365378216	1.82608966176558	2.1094688689836	1.61107268014649	4.7964063388272e-19	18.3190840317377
A269010004	ERBB2	TRUE	21	0.849553023635741	0.913892650453827	1.29406795616687	0.726062530280214	1.69910604727148	1.82778530090765	2.58813591233373	1.45212506056043	2.07773780276757e-10	9.68240925850925
A269010004	FGFR3	TRUE	16	1.13285025764717	1.12190790869949	1.16847285231221	1.04955435344079	2.26570051529434	2.24381581739898	2.33694570462442	2.09910870688158	0.00172896095593929	2.76221481402022
A269010004	GATA3	TRUE	7	0.985357039068544	0.996971298627107	1.09615985304231	0.883343457161478	1.97071407813709	1.99394259725421	2.19231970608462	1.76668691432296	0.0463347882416808	1.33409281744226
A269010004	MDM2	TRUE	13	0.940064167427399	0.950915458242959	1.03166420739928	0.865044296331092	1.8801283348548	1.90183091648592	2.06332841479856	1.73008859266218	3.53598419136037e-08	7.45148968529367
A269010004	MET	TRUE	25	0.964622830404166	0.930409297725146	1.04857848175558	0.692089085382325	1.92924566080833	1.86081859545029	2.09715696351117	1.38417817076465	5.44253143732875e-57	56.2641990536936
A269010004	NBN	TRUE	17	0.691876429970142	0.717575320074669	0.909139258928906	0.601469159435865	1.38375285994028	1.43515064014934	1.81827851785781	1.20293831887173	0.00246105755411513	2.60887822979889
A269010004	NTRK1	TRUE	8	0.817118830436862	0.824680889661706	0.849714140968642	0.803881142404456	1.63423766087372	1.64936177932341	1.69942828193728	1.60776228480891	0.00378129506766274	2.42235943179966
A269010004	Other	TRUE	284	1.08484938206031	1.74609777762318	105.600289716585	0.760026715342155	2.16969876412062	3.49219555524637	211.200579433171	1.52005343068431	5.00665036993453e-22	21.3004527356851
A269010004	PTEN	TRUE	9	1.01532509724237	1.01871246768627	1.08179393183848	0.889968890271553	2.03065019448474	2.03742493537255	2.16358786367695	1.77993778054311	0.143187548061465	0.844094747693849
A269010004	RET	TRUE	12	1.06744233425824	1.07181523550933	1.16225886188816	0.997783036969753	2.13488466851648	2.14363047101865	2.32451772377632	1.99556607393951	0.0681397353631456	1.16659955745069
A269010004	TSC2	TRUE	4	0.980979504034964	0.942177258191951	0.998614058852249	0.808135965845629	1.96195900806993	1.8843545163839	1.9972281177045	1.61627193169126	0.000403473275902707	3.39418522553261
A269010005	CCND1	FALSE	5	0.878799403393383	0.878290221595812	0.909383485564747	0.848912655541372	1.75759880678677	1.75658044319162	1.81876697112949	1.69782531108274	0.0814482034528783	1.08911849071835
A269010005	CDK4	FALSE	7	0.938533441868739	0.934367995852956	1.02988015928486	0.874909475028455	1.87706688373748	1.86873599170591	2.05976031856972	1.74981895005691	0.653070020552132	0.185040252248456
A269010005	CREBBP	FALSE	29	0.993646331562951	0.984714004053675	1.11912458009975	0.846125367631697	1.9872926631259	1.96942800810735	2.2382491601995	1.69225073526339	0.0547285384271235	1.26178614991178
A269010005	DDR2	FALSE	7	0.90479320062528	0.900451328486718	0.948237555662099	0.838529071664514	1.80958640125056	1.80090265697344	1.8964751113242	1.67705814332903	0.0657455955245466	1.1821333364269
A269010005	EGFR	FALSE	29	0.95051350364515	0.959179028083043	1.14337452621301	0.848417662960337	1.9010270072903	1.91835805616609	2.28674905242602	1.69683532592067	0.0493467831978583	1.30674115271984
A269010005	ERBB2	FALSE	21	1.02386212054616	1.04337475983794	1.19949342581589	0.957540845647902	2.04772424109233	2.08674951967587	2.39898685163178	1.9150816912958	0.318014867903904	0.497552575305881
A269010005	FGFR3	FALSE	16	0.894999264728461	0.893622165201458	0.97462371484513	0.839809245261009	1.78999852945692	1.78724433040292	1.94924742969026	1.67961849052202	0.0682801650273118	1.16570543790346
A269010005	GATA3	FALSE	7	0.864325360292339	0.895596351278345	0.995692275969768	0.825532603664128	1.72865072058468	1.79119270255669	1.99138455193954	1.65106520732826	0.0527728863143385	1.27758915224868
A269010005	MDM2	FALSE	13	1.03757265579394	1.04153074277285	1.1404238417452	0.974196311526459	2.07514531158788	2.0830614855457	2.2808476834904	1.94839262305292	0.172351289523196	0.763585462875625
A269010005	MET	FALSE	25	1.00628434852092	1.02179789699788	1.15825173515812	0.928704066054302	2.01256869704183	2.04359579399576	2.31650347031624	1.8574081321086	0.142978406123216	0.844729548616596
A269010005	NBN	FALSE	17	1.63576790678663	1.64899951598556	1.79278519455815	1.28095502568276	3.27153581357326	3.29799903197111	3.5855703891163	2.56191005136553	0.0645993996150719	1.18977151830635
A269010005	NTRK1	FALSE	8	0.874102890720121	0.878696745006854	0.938757356622635	0.851547432943723	1.74820578144024	1.75739349001371	1.87751471324527	1.70309486588745	0.104107044474441	0.982519882661722
A269010005	Other	FALSE	284	1.08815538354508	1.07913691468143	1.56997637102665	0.562681885466919	2.17631076709017	2.15827382936287	3.13995274205331	1.12536377093384	0.0475408034893279	1.3229334825146
A269010005	PTEN	FALSE	9	1.13282328886276	1.09603948498428	1.20792069975027	0.90894735427513	2.26564657772551	2.19207896996856	2.41584139950053	1.81789470855026	0.198446428590846	0.702356712615951
A269010005	RET	FALSE	12	0.886272219980297	0.904612438261236	1.02506267532394	0.832430367308481	1.77254443996059	1.80922487652247	2.05012535064788	1.66486073461696	0.0447809424507637	1.34890677058595
A269010005	TSC2	FALSE	4	1.07122246061887	1.06590955973242	1.10367776906361	1.01751554862831	2.14244492123775	2.13181911946483	2.20735553812722	2.03503109725661	0.107705850028838	0.967760707414694
A269010006	CCND1	FALSE	5	1.00263278697348	0.962828967580668	1.02661846301997	0.818333550994391	2.00526557394695	1.92565793516134	2.05323692603995	1.63666710198878	0.181485842041116	0.741157249213253
A269010006	CDK4	FALSE	7	0.944087303108784	0.924502464967847	0.995576135749768	0.849146180354686	1.88817460621757	1.84900492993569	1.99115227149954	1.69829236070937	0.515318502250424	0.287924264135071
A269010006	CREBBP	FALSE	29	1.00493396477702	1.01459127863576	1.15493881048145	0.903136377322979	2.00986792955404	2.02918255727153	2.3098776209629	1.80627275464596	0.116399593507349	0.934048536334097
A269010006	DDR2	FALSE	7	0.983565293090213	0.985515708790045	1.01684282640245	0.967247933943351	1.96713058618043	1.97103141758009	2.0336856528049	1.9344958678867	0.618081666971275	0.208954137901931
A269010006	EGFR	FALSE	29	0.966593472815999	0.947478126209677	1.07299903278848	0.814127008321819	1.933186945632	1.89495625241935	2.14599806557697	1.62825401664364	0.0863781506662976	1.0635960983207
A269010006	ERBB2	FALSE	21	0.92931307446046	0.951039080670259	1.14602813658789	0.867644310696949	1.85862614892092	1.90207816134052	2.29205627317578	1.7352886213939	0.0447295748654644	1.34940522958188
A269010006	FGFR3	FALSE	16	0.97235573900332	0.980588649561655	1.06373696430076	0.928908800012506	1.94471147800664	1.96117729912331	2.12747392860151	1.85781760002501	0.472755514196764	0.32536339686418
A269010006	GATA3	FALSE	7	1.04126583267951	1.05440398220234	1.08562425354054	1.02648875672123	2.08253166535901	2.10880796440468	2.17124850708107	2.05297751344245	0.150499490105	0.82246497146522
A269010006	MDM2	FALSE	13	0.999306785866541	0.989267257026725	1.04759299989443	0.919201258516341	1.99861357173308	1.97853451405345	2.09518599978887	1.83840251703268	0.156496491337339	0.805495394922095
A269010006	MET	FALSE	25	1.00937971388483	1.00603480027831	1.08272066664703	0.947271351947034	2.01875942776966	2.01206960055662	2.16544133329406	1.89454270389407	0.0465337827094294	1.33223164243646
A269010006	NBN	FALSE	17	1.01324546102396	1.06231437746387	1.39929392486834	0.944454160181143	2.02649092204792	2.12462875492775	2.79858784973667	1.88890832036229	0.236665770382488	0.62586455072739
A269010006	NTRK1	FALSE	8	0.926465629723813	0.922644507067248	0.95476759436202	0.877039590907835	1.85293125944763	1.8452890141345	1.90953518872404	1.75407918181567	0.115828709079708	0.936183783876295
A269010006	Other	FALSE	284	1.0439672587168	1.54636460279886	86.6209200152173	0.211029263197377	2.08793451743361	3.09272920559773	173.241840030435	0.422058526394753	0.0427553419157424	1.36900961614999
A269010006	PTEN	FALSE	9	1.0282969329246	1.04045316972708	1.10621906802959	0.988241910061143	2.05659386584921	2.08090633945417	2.21243813605918	1.97648382012229	0.404333713343469	0.393260045684349
A269010006	RET	FALSE	12	1.06719809673464	1.08701895672577	1.20414685042291	1.03669155375659	2.13439619346928	2.17403791345154	2.40829370084581	2.07338310751318	0.100041766305277	0.999818649110035
A269010006	TSC2	FALSE	4	0.996211118523587	0.989569577025595	1.05764575429157	0.908210316763633	1.99242223704717	1.97913915405119	2.11529150858315	1.81642063352727	0.106266887662713	0.97360203882184
A269010007	CCND1	FALSE	5	1.12370331737668	1.15623713529791	1.23976167418367	1.0875363504419	2.24740663475336	2.31247427059582	2.47952334836735	2.1750727008838	0.126200174927489	0.898940043110977
A269010007	CDK4	FALSE	7	2.27556667703323	2.37979495947975	2.80297780673298	2.14429498035838	4.55113335406647	4.75958991895949	5.60595561346595	4.28858996071676	0.0470805768126313	1.32715822499155
A269010007	CREBBP	FALSE	29	0.975939753842673	0.972147693816013	1.09362692446193	0.876338140864398	1.95187950768535	1.94429538763203	2.18725384892386	1.7526762817288	0.105285716961798	0.977630541116593
A269010007	DDR2	FALSE	7	1.0249416455704	1.02052281930654	1.02801728727504	1.00948700257325	2.04988329114079	2.04104563861308	2.05603457455009	2.01897400514649	0.502830922003399	0.298578022866518
A269010007	EGFR	FALSE	29	1.01359708705975	1.0185143376076	1.11697627979466	0.963148653862867	2.0271941741195	2.03702867521521	2.23395255958932	1.92629730772573	0.146828755474814	0.833188882287285
A269010007	ERBB2	FALSE	21	1.07261390662868	1.0119799812298	1.17340594428972	0.55348829872407	2.14522781325735	2.02395996245959	2.34681188857943	1.10697659744814	0.0461338527293541	1.33598027508543
A269010007	FGFR3	FALSE	16	1.07894545679599	1.07187565125184	1.21422262847284	1.0074356985907	2.15789091359198	2.14375130250367	2.42844525694567	2.01487139718141	0.1661657167879	0.779458574689555
A269010007	GATA3	FALSE	7	1.11097023256602	1.0776403601069	1.1460083449889	0.97142115377663	2.22194046513204	2.1552807202138	2.29201668997779	1.94284230755326	0.252829145591592	0.59717286298462
A269010007	MDM2	FALSE	13	0.954646819808434	0.952873702408331	0.990166849125473	0.902984492210763	1.90929363961687	1.90574740481666	1.98033369825095	1.80596898442153	0.0624562443494822	1.20442413453641
A269010007	MET	FALSE	25	1.0076038917764	1.00485505649899	1.04648225103654	0.961886064280437	2.0152077835528	2.00971011299797	2.09296450207308	1.92377212856087	0.250972027278487	0.600374681210543
A269010007	NBN	FALSE	17	0.877845232865964	0.880248425676978	1.0886704850177	0.754184831872059	1.75569046573193	1.76049685135396	2.1773409700354	1.50836966374412	0.183046389523604	0.73743883288701
A269010007	NTRK1	FALSE	8	1.09089992536786	1.0952797989703	1.1331011986921	1.06988532754595	2.18179985073573	2.1905595979406	2.2662023973842	2.1397706550919	0.231425112588182	0.635589516314615
A269010007	Other	FALSE	284	0.967356201736428	0.963544516764576	8.08069739831133	0.311921214679766	1.93471240347286	1.92708903352915	16.1613947966227	0.623842429359531	0.0414291182552316	1.38269430978552
A269010007	PTEN	FALSE	9	0.976569282769371	0.968645361846884	1.01757495844501	0.922111450805076	1.95313856553874	1.93729072369377	2.03514991689001	1.84422290161015	0.520544118213677	0.28354245638443
A269010007	RET	FALSE	12	0.995570482303031	0.99185604692459	1.06127429564523	0.893114515267786	1.99114096460606	1.98371209384918	2.12254859129045	1.78622903053557	0.171632462825328	0.765400565598479
A269010007	TSC2	FALSE	4	1.00248328592255	1.01105998654834	1.04657605939911	0.992697314949142	2.0049665718451	2.02211997309668	2.09315211879823	1.98539462989828	0.499326634674013	0.301615267545052
A269010009	CCND1	FALSE	5	1.00877379442189	1.02660362129684	1.10801738491097	0.989007642596361	2.01754758884379	2.05320724259367	2.21603476982194	1.97801528519272	0.557354231139689	0.253868697588253
A269010009	CDK4	FALSE	7	0.822695026295228	0.813108884656579	0.882944575645178	0.71099348558067	1.64539005259046	1.62621776931316	1.76588915129036	1.42198697116134	0.228131857278898	0.641814063805466
A269010009	CREBBP	FALSE	29	0.974304251434694	1.0076208370334	1.25503400334054	0.898384240120171	1.94860850286939	2.0152416740668	2.51006800668109	1.79676848024034	0.0567786143740533	1.24581521020828
A269010009	DDR2	FALSE	7	0.977577053785308	0.968786424500971	1.01695318629217	0.910647699817667	1.95515410757062	1.93757284900194	2.03390637258433	1.82129539963533	0.137081072244392	0.863022507189343
A269010009	EGFR	FALSE	29	1.02464534961657	1.04145832172331	1.20059358974448	0.966213741573593	2.04929069923315	2.08291664344661	2.40118717948897	1.93242748314719	0.116876516617445	0.932272740574494
A269010009	ERBB2	FALSE	21	0.988059800783587	1.01110877036377	1.25462277116546	0.935790335062512	1.97611960156717	2.02221754072754	2.50924554233092	1.87158067012502	0.291666437256447	0.535113543291515
A269010009	FGFR3	FALSE	16	1.08639739292246	1.08228272673093	1.15931625877255	0.984479538407916	2.17279478584492	2.16456545346185	2.31863251754511	1.96895907681583	0.217875414146387	0.661791774356674
A269010009	GATA3	FALSE	7	1.0369491108596	1.02293482394495	1.06309729598143	0.925985443229353	2.0738982217192	2.0458696478899	2.12619459196287	1.85197088645871	0.145092848507147	0.838353993009711
A269010009	MDM2	FALSE	13	0.974350450496605	0.979204849975962	1.03443034201923	0.925906509716382	1.94870090099321	1.95840969995192	2.06886068403845	1.85181301943276	0.161829659776438	0.790941878911867
A269010009	MET	FALSE	25	1.04668871799006	1.04830060661064	1.1197901840034	0.967343091947304	2.09337743598011	2.09660121322127	2.2395803680068	1.93468618389461	0.125303835447504	0.902035635404945
A269010009	NBN	FALSE	17	0.794451881365186	0.812195917973531	0.92502905808147	0.744619586777886	1.58890376273037	1.62439183594706	1.85005811616294	1.48923917355577	0.140633857542877	0.851910110511844
A269010009	NTRK1	FALSE	8	0.989769526268317	0.985919132735904	0.997260795620586	0.953562566049417	1.97953905253663	1.97183826547181	1.99452159124117	1.90712513209883	0.5632280175348	0.249315749536909
A269010009	Other	FALSE	284	0.995843620247385	1.49252008356192	76.9758086887416	0.742629264253329	1.99168724049477	2.98504016712383	153.951617377483	1.48525852850666	0.0647635066319879	1.18866964432736
A269010009	PTEN	FALSE	9	0.848573991281002	0.867597157579868	0.988213251032793	0.806336015921957	1.697147982562	1.73519431515974	1.97642650206559	1.61267203184391	0.0707131910739298	1.1504995639082
A269010009	RET	FALSE	12	1.08105546928836	1.07556253367171	1.13103363394626	0.992060587028614	2.16211093857673	2.15112506734343	2.26206726789252	1.98412117405723	0.152872901363705	0.815669491901159
A269010009	TSC2	FALSE	4	1.03374552984156	1.030968480942	1.09258218537352	0.963800678711359	2.06749105968313	2.06193696188401	2.18516437074705	1.92760135742272	0.20669967313816	0.684660210138101
A269010010	CCND1	FALSE	5	1.03394968757357	1.05644989503308	1.13957980584144	1.02296740874353	2.06789937514715	2.11289979006616	2.27915961168288	2.04593481748705	0.46098246942037	0.336315589965581
A269010010	CDK4	FALSE	7	0.83449605744561	0.83579112040196	0.871816607489434	0.786346034990703	1.66899211489122	1.67158224080392	1.74363321497887	1.57269206998141	0.418204068107715	0.37861174686952
A269010010	CREBBP	FALSE	29	0.964761039623858	0.959433461704104	0.998665385423725	0.85704129100956	1.92952207924772	1.91886692340821	1.99733077084745	1.71408258201912	0.0884255799667052	1.05342208304825
A269010010	DDR2	FALSE	7	1.07460434285583	1.07825121459853	1.13324299659385	1.04448261066086	2.14920868571165	2.15650242919705	2.26648599318769	2.08896522132172	0.28895398851713	0.539171306461396
A269010010	EGFR	FALSE	29	1.01971980646398	1.02453511818498	1.13126819340473	0.937145964388619	2.03943961292797	2.04907023636997	2.26253638680946	1.87429192877724	0.197201644374811	0.705089467995573
A269010010	ERBB2	FALSE	21	1.07348889220777	1.10306539888046	1.41651433623205	1.00948589322715	2.14697778441555	2.20613079776092	2.8330286724641	2.01897178645429	0.188250047360746	0.725264905865598
A269010010	FGFR3	FALSE	16	1.05289695326036	1.04569785000861	1.08752128003112	0.945035826991954	2.10579390652073	2.09139570001723	2.17504256006225	1.89007165398391	0.0767595220784746	1.11486773794031
A269010010	GATA3	FALSE	7	0.957904179537603	0.953188866636249	1.00499797972856	0.911504245644322	1.91580835907521	1.9063777332725	2.00999595945713	1.82300849128864	0.138340638808777	0.859050223232396
A269010010	MDM2	FALSE	13	1.03440277796723	1.03311044097355	1.06672841416481	1.00977984028805	2.06880555593445	2.06622088194711	2.13345682832962	2.0195596805761	0.202318412428605	0.693964591513601
A269010010	MET	FALSE	25	0.976995070320553	0.970140018528253	1.0530774017813	0.879362110688854	1.95399014064111	1.94028003705651	2.10615480356259	1.75872422137771	0.0782617757215645	1.10645030239333
A269010010	NBN	FALSE	17	0.901366153673267	0.903266084529854	1.02380428954853	0.738742481042681	1.80273230734653	1.80653216905971	2.04760857909705	1.47748496208536	0.142486872822551	0.84622514494205
A269010010	NTRK1	FALSE	8	1.0952293541417	1.08996997608125	1.11295788716073	1.05270304670538	2.1904587082834	2.17993995216251	2.22591577432146	2.10540609341075	0.312283295024682	0.505451246870154
A269010010	Other	FALSE	282	0.98626075576187	1.03932061495066	5.34055775585446	0.859192133469533	1.97252151152374	2.07864122990132	10.6811155117089	1.71838426693907	0.0521002744068898	1.28315998930922
A269010010	PTEN	FALSE	9	1.02763691921709	1.05426771365996	1.18292479043523	0.9923074623696	2.05527383843418	2.10853542731992	2.36584958087046	1.9846149247392	0.152257285135338	0.817421918278774
A269010010	RET	FALSE	12	1.01221762048351	1.00950358269682	1.06065012111467	0.971841862947163	2.02443524096703	2.01900716539364	2.12130024222933	1.94368372589433	0.648611470535324	0.188015375203369
A269010010	TSC2	FALSE	4	0.982197607197738	0.98535945217334	1.06220586613193	0.914836728165948	1.96439521439548	1.97071890434668	2.12441173226387	1.8296734563319	0.165386638042834	0.781499580990715
A269010011	CCND1	FALSE	5	0.970456862387483	0.977593926118655	1.00517147848111	0.950805358906952	1.94091372477497	1.95518785223731	2.01034295696221	1.9016107178139	0.644377053349077	0.190859933462802
A269010011	CDK4	FALSE	7	1.04116517891529	1.01730930469543	1.07218836717845	0.921252947130812	2.08233035783059	2.03461860939086	2.1443767343569	1.84250589426162	0.752390178867986	0.123556882036169
A269010011	CREBBP	FALSE	29	1.11027659820977	1.09322919443502	1.17198423786649	0.992564051758171	2.22055319641955	2.18645838887003	2.34396847573298	1.98512810351634	0.0467004647841103	1.33067879711762
A269010011	DDR2	FALSE	7	1.07428808396481	1.07496822390216	1.11260426393381	1.02830826567565	2.14857616792963	2.14993644780432	2.22520852786761	2.05661653135131	0.272883709869268	0.5640223893028
A269010011	EGFR	FALSE	29	1.02802782684626	1.03421188054803	1.12069417420807	0.896590833777518	2.05605565369252	2.06842376109606	2.24138834841615	1.79318166755504	0.111634629391895	0.952201065067398
A269010011	ERBB2	FALSE	21	0.959707911872653	0.96458590453949	1.02599946586918	0.920568909682535	1.91941582374531	1.92917180907898	2.05199893173835	1.84113781936507	0.0948899702569695	1.02277968949314
A269010011	FGFR3	FALSE	16	0.960922440386654	0.962652322436927	0.991066624718483	0.92725113049633	1.92184488077331	1.92530464487385	1.98213324943697	1.85450226099266	0.117588417079428	0.92963545586394
A269010011	GATA3	FALSE	7	1.03892058044106	1.03496352078695	1.05968254368474	0.986826999657863	2.07784116088212	2.0699270415739	2.11936508736948	1.97365399931573	0.209959286678032	0.677864911386469
A269010011	MDM2	FALSE	13	1.01440101025024	1.01696903247178	1.07861762219035	0.968588692985516	2.02880202050047	2.03393806494356	2.1572352443807	1.93717738597103	0.194082162719868	0.712014376967653
A269010011	MET	FALSE	25	0.962649980280779	0.96323551835521	1.01871123528672	0.907284979064196	1.92529996056156	1.92647103671042	2.03742247057343	1.81456995812839	0.0775874655995107	1.11020843416264
A269010011	NBN	FALSE	17	1.07430978716207	1.06585281365894	1.13307589442637	0.868480792414755	2.14861957432413	2.13170562731789	2.26615178885274	1.73696158482951	0.530000973357751	0.275723332807679
A269010011	NTRK1	FALSE	8	1.0841726092714	1.07468902312252	1.09261706347868	1.02427921806057	2.16834521854279	2.14937804624504	2.18523412695736	2.04855843612115	0.341722056822941	0.466326988285415
A269010011	Other	FALSE	282	0.976659287897517	1.01282205446285	6.99721261215947	0.787746093324141	1.95331857579503	2.02564410892569	13.9944252243189	1.57549218664828	0.0603567773983813	1.2192739563627
A269010011	PTEN	FALSE	9	1.05536442034041	1.02919673740772	1.09092203841803	0.867485005095575	2.11072884068082	2.05839347481544	2.18184407683607	1.73497001019115	0.0904519348257855	1.04358213886304
A269010011	RET	FALSE	12	0.98156161598722	0.968052373557143	1.02535730812344	0.902090950160804	1.96312323197444	1.93610474711429	2.05071461624688	1.80418190032161	0.347874991392438	0.458576791403763
A269010011	TSC2	FALSE	4	0.939235335930267	0.937338572126669	0.9527196895915	0.918163927054639	1.87847067186053	1.87467714425334	1.905439379183	1.83632785410928	0.17606352426531	0.754330609115784
